test,model,vs singles-only (same pooling),min,max,repeats_better
single-point test rows,singles only [mean pooling],0.0,0.0,0.0,0/5
multi-point test rows,singles only [mean pooling],0.0,0.0,0.0,0/5
all test rows (single + multi),singles only [mean pooling],0.0,0.0,0.0,0/5
single-point test rows,+ multi [mean pooling],-0.068,-0.118,-0.036,0/5
multi-point test rows,+ multi [mean pooling],0.021,-0.019,0.059,4/5
all test rows (single + multi),+ multi [mean pooling],-0.062,-0.098,-0.027,0/5
single-point test rows,+ multi + censored [mean pooling],-0.036,-0.067,-0.001,0/5
multi-point test rows,+ multi + censored [mean pooling],0.033,-0.017,0.078,4/5
all test rows (single + multi),+ multi + censored [mean pooling],-0.027,-0.051,-0.01,0/5
single-point test rows,"+ multi + censored, 1/sqrt(n) [mean pooling]",-0.01,-0.052,0.032,2/5
multi-point test rows,"+ multi + censored, 1/sqrt(n) [mean pooling]",0.0,-0.056,0.053,3/5
all test rows (single + multi),"+ multi + censored, 1/sqrt(n) [mean pooling]",-0.006,-0.048,0.019,3/5
single-point test rows,singles only [sum pooling],0.0,0.0,0.0,0/5
multi-point test rows,singles only [sum pooling],0.0,0.0,0.0,0/5
all test rows (single + multi),singles only [sum pooling],0.0,0.0,0.0,0/5
single-point test rows,+ multi [sum pooling],-0.064,-0.09,-0.023,0/5
multi-point test rows,+ multi [sum pooling],0.029,-0.035,0.079,3/5
all test rows (single + multi),+ multi [sum pooling],-0.05,-0.106,-0.012,0/5
single-point test rows,+ multi + censored [sum pooling],-0.052,-0.07,-0.024,0/5
multi-point test rows,+ multi + censored [sum pooling],0.067,0.026,0.096,5/5
all test rows (single + multi),+ multi + censored [sum pooling],-0.037,-0.078,0.012,1/5
single-point test rows,"+ multi + censored, 1/sqrt(n) [sum pooling]",-0.068,-0.094,-0.025,0/5
multi-point test rows,"+ multi + censored, 1/sqrt(n) [sum pooling]",0.034,-0.019,0.093,4/5
all test rows (single + multi),"+ multi + censored, 1/sqrt(n) [sum pooling]",-0.051,-0.084,0.007,1/5
