model,repeat,test,per_complex_spearman,pooled_pearson,rmse,cens_below_bound
singles only [mean pooling],rep0,single-point test rows,0.48115778472041687,0.48956768178485904,1.3585084012865398,0.8936170212765957
singles only [mean pooling],rep0,multi-point test rows,0.12588457634839575,0.5532294226433804,2.1202395402958705,0.8936170212765957
singles only [mean pooling],rep0,all test rows (single + multi),0.3373023935550309,0.4763097930261651,1.6162661144816195,0.8936170212765957
singles only [mean pooling],rep1,single-point test rows,0.43992304790784936,0.4571498925646513,1.3789096232630855,0.8723404255319149
singles only [mean pooling],rep1,multi-point test rows,0.14939521079720197,0.5608826142199719,2.1179857112351277,0.8723404255319149
singles only [mean pooling],rep1,all test rows (single + multi),0.3311470514330366,0.45525713686865754,1.6276482685909066,0.8723404255319149
singles only [mean pooling],rep2,single-point test rows,0.4741380909028379,0.4776549392989346,1.3637086730505936,0.8936170212765957
singles only [mean pooling],rep2,multi-point test rows,0.1614479037447451,0.48730970120487094,2.1433094656875666,0.8936170212765957
singles only [mean pooling],rep2,all test rows (single + multi),0.3442220052931043,0.4508276865255388,1.6281393325749307,0.8936170212765957
singles only [mean pooling],rep3,single-point test rows,0.44741272783762326,0.4366442138063223,1.3937971269877378,0.8297872340425532
singles only [mean pooling],rep3,multi-point test rows,0.04479627673835541,0.5559704929169748,2.12402717765956,0.8297872340425532
singles only [mean pooling],rep3,all test rows (single + multi),0.31682611953918316,0.439310724127368,1.6388986710826294,0.8297872340425532
singles only [mean pooling],rep4,single-point test rows,0.45822591207025376,0.4232550660119326,1.4024571119846518,0.8723404255319149
singles only [mean pooling],rep4,multi-point test rows,0.11354622270266566,0.49321472562743124,2.133776690053668,0.8723404255319149
singles only [mean pooling],rep4,all test rows (single + multi),0.31585872359558925,0.42119796145328825,1.647789176887421,0.8723404255319149
+ multi [mean pooling],rep0,single-point test rows,0.38109389796939563,0.4974592231109419,1.3479371557955158,0.851063829787234
+ multi [mean pooling],rep0,multi-point test rows,0.10726855062787206,0.5549300916469645,1.9841389360444563,0.851063829787234
+ multi [mean pooling],rep0,all test rows (single + multi),0.2519838146810129,0.49608983317745503,1.5589562408111588,0.851063829787234
+ multi [mean pooling],rep1,single-point test rows,0.4034565853567343,0.42922415439397865,1.4033141406052294,0.8723404255319149
+ multi [mean pooling],rep1,multi-point test rows,0.15482036258008536,0.4882035301880818,2.081026004604169,0.8723404255319149
+ multi [mean pooling],rep1,all test rows (single + multi),0.27305750148830465,0.43192114293024886,1.6286752666170932,0.8723404255319149
+ multi [mean pooling],rep2,single-point test rows,0.35621807677527645,0.4249625550347001,1.4155478678192235,0.7872340425531915
+ multi [mean pooling],rep2,multi-point test rows,0.18313914982183216,0.492499480795652,2.078479573857265,0.7872340425531915
+ multi [mean pooling],rep2,all test rows (single + multi),0.24579208993103452,0.42611439590679984,1.6352445480262738,0.7872340425531915
+ multi [mean pooling],rep3,single-point test rows,0.41026744471253085,0.39557050238264235,1.4325540367972827,0.8085106382978723
+ multi [mean pooling],rep3,multi-point test rows,0.1033259791800997,0.490516262811607,2.1093737043915484,0.8085106382978723
+ multi [mean pooling],rep3,all test rows (single + multi),0.27492232017220497,0.398770333000468,1.6570704132478375,0.8085106382978723
+ multi [mean pooling],rep4,single-point test rows,0.4084404248773999,0.44790685098443345,1.3798448861162678,0.8297872340425532
+ multi [mean pooling],rep4,multi-point test rows,0.15230363588388207,0.5295447713028961,2.0606386298980035,0.8297872340425532
+ multi [mean pooling],rep4,all test rows (single + multi),0.2885493494599962,0.4522594314241646,1.606776944644526,0.8297872340425532
+ multi + censored [mean pooling],rep0,single-point test rows,0.4458340883388375,0.4865017591372226,1.344402477004809,0.8723404255319149
+ multi + censored [mean pooling],rep0,multi-point test rows,0.10879484316217837,0.4798029620220393,2.084916350864135,0.8723404255319149
+ multi + censored [mean pooling],rep0,all test rows (single + multi),0.3148386832821743,0.4598442900729154,1.5944403277350496,0.8723404255319149
+ multi + censored [mean pooling],rep1,single-point test rows,0.4148329640807244,0.4316703243843528,1.403774683610783,0.8723404255319149
+ multi + censored [mean pooling],rep1,multi-point test rows,0.16240408271136123,0.49273655167497005,2.0573389678407352,0.8723404255319149
+ multi + censored [mean pooling],rep1,all test rows (single + multi),0.29639938073266786,0.43552101418098227,1.6202274443126294,0.8723404255319149
+ multi + censored [mean pooling],rep2,single-point test rows,0.4068742546736295,0.4602403889336616,1.3800363616524487,0.7872340425531915
+ multi + censored [mean pooling],rep2,multi-point test rows,0.1794635195568903,0.5003665144644647,2.051715990277092,0.7872340425531915
+ multi + censored [mean pooling],rep2,all test rows (single + multi),0.29309543857172904,0.4521971815413193,1.6035866427072507,0.7872340425531915
+ multi + censored [mean pooling],rep3,single-point test rows,0.44675791434843076,0.39438911016048994,1.4329708230923008,0.7659574468085106
+ multi + censored [mean pooling],rep3,multi-point test rows,0.12278843620685181,0.4689909004023574,2.1120146052159843,0.7659574468085106
+ multi + censored [mean pooling],rep3,all test rows (single + multi),0.3066875269451825,0.39151932199335554,1.6582994179916013,0.7659574468085106
+ multi + censored [mean pooling],rep4,single-point test rows,0.40664214642613655,0.4676707552054424,1.3658888791694552,0.8297872340425532
+ multi + censored [mean pooling],rep4,multi-point test rows,0.18800478089640957,0.5529703572638653,2.023285834321202,0.8297872340425532
+ multi + censored [mean pooling],rep4,all test rows (single + multi),0.29878240284429575,0.4695787446569561,1.5844115283582147,0.8297872340425532
"+ multi + censored, 1/sqrt(n) [mean pooling]",rep0,single-point test rows,0.4535147097407132,0.46146937002281363,1.3778836735594715,0.9361702127659575
"+ multi + censored, 1/sqrt(n) [mean pooling]",rep0,multi-point test rows,0.13148111325904754,0.34393480664508347,2.241268680506715,0.9361702127659575
"+ multi + censored, 1/sqrt(n) [mean pooling]",rep0,all test rows (single + multi),0.3235598677309639,0.39226848462472674,1.674138064747899,0.9361702127659575
"+ multi + censored, 1/sqrt(n) [mean pooling]",rep1,single-point test rows,0.4571643875465387,0.44737699161836547,1.4138237046152773,0.9574468085106383
"+ multi + censored, 1/sqrt(n) [mean pooling]",rep1,multi-point test rows,0.11066083219328311,0.518009683627086,2.1693588286993823,0.9574468085106383
"+ multi + censored, 1/sqrt(n) [mean pooling]",rep1,all test rows (single + multi),0.3341034915322043,0.44517805055059695,1.6680117895800763,0.9574468085106383
"+ multi + censored, 1/sqrt(n) [mean pooling]",rep2,single-point test rows,0.42191350392205385,0.4707966572373825,1.3677306296363505,0.9361702127659575
"+ multi + censored, 1/sqrt(n) [mean pooling]",rep2,multi-point test rows,0.10544911871995145,0.47442689026363793,2.124507817285309,0.9361702127659575
"+ multi + censored, 1/sqrt(n) [mean pooling]",rep2,all test rows (single + multi),0.29652121280791083,0.4504640906525052,1.6233993979459171,0.9361702127659575
"+ multi + censored, 1/sqrt(n) [mean pooling]",rep3,single-point test rows,0.4795614565660438,0.4340594468693573,1.3994178733279887,0.8297872340425532
"+ multi + censored, 1/sqrt(n) [mean pooling]",rep3,multi-point test rows,0.0824094681838017,0.4751329706600594,2.160266893219301,0.8297872340425532
"+ multi + censored, 1/sqrt(n) [mean pooling]",rep3,all test rows (single + multi),0.33573568129937487,0.41791369595206684,1.6559204698185739,0.8297872340425532
"+ multi + censored, 1/sqrt(n) [mean pooling]",rep4,single-point test rows,0.4362634957351326,0.47225717896416897,1.3698251431422368,0.851063829787234
"+ multi + censored, 1/sqrt(n) [mean pooling]",rep4,multi-point test rows,0.16690900779954876,0.48096648131922326,2.1362444585583447,0.851063829787234
"+ multi + censored, 1/sqrt(n) [mean pooling]",rep4,all test rows (single + multi),0.3256123375743887,0.44823176909417745,1.6291010971359952,0.851063829787234
singles only [sum pooling],rep0,single-point test rows,0.48115778472041687,0.489567683100744,1.3585084039457145,0.8936170212765957
singles only [sum pooling],rep0,multi-point test rows,0.07184034128135948,0.3987856558361068,2.908445134464496,0.8936170212765957
singles only [sum pooling],rep0,all test rows (single + multi),0.3672819243228734,0.3447028484211205,1.938876226144712,0.8936170212765957
singles only [sum pooling],rep1,single-point test rows,0.43992304790784936,0.4571499129550744,1.3789096017349403,0.8936170212765957
singles only [sum pooling],rep1,multi-point test rows,0.0646782591436028,0.5170404929353997,2.5774345530210674,0.8936170212765957
singles only [sum pooling],rep1,all test rows (single + multi),0.32865809101271964,0.41602113517682043,1.809276210869921,0.8936170212765957
singles only [sum pooling],rep2,single-point test rows,0.4741380909028379,0.477654908632091,1.363708700161136,0.8723404255319149
singles only [sum pooling],rep2,multi-point test rows,0.0651429787882501,0.45331032218561973,2.6210153576186945,0.8723404255319149
singles only [sum pooling],rep2,all test rows (single + multi),0.3224588367052084,0.3958537296718471,1.8191782097055522,0.8723404255319149
singles only [sum pooling],rep3,single-point test rows,0.44741272783762326,0.4366442225744367,1.393797121812434,0.723404255319149
singles only [sum pooling],rep3,multi-point test rows,-0.0003339614997308237,0.4333586407298442,2.9392400375518513,0.723404255319149
singles only [sum pooling],rep3,all test rows (single + multi),0.31282459156272213,0.35403840784176926,1.9698654619668063,0.723404255319149
singles only [sum pooling],rep4,single-point test rows,0.45822591207025376,0.42324862119355816,1.4024619114037513,0.8936170212765957
singles only [sum pooling],rep4,multi-point test rows,0.06515074511252336,0.4768805022232653,2.644626097065535,0.8936170212765957
singles only [sum pooling],rep4,all test rows (single + multi),0.32826304736106365,0.38671875952704093,1.8497468614665245,0.8936170212765957
+ multi [sum pooling],rep0,single-point test rows,0.39141854843374596,0.41450295012363353,1.4065613311629523,0.6170212765957447
+ multi [sum pooling],rep0,multi-point test rows,0.10810506313686331,0.46682890338978666,2.083635386241317,0.6170212765957447
+ multi [sum pooling],rep0,all test rows (single + multi),0.26114889903651606,0.4371526032941456,1.6316285360653133,0.6170212765957447
+ multi [sum pooling],rep1,single-point test rows,0.41648875732938906,0.46568503749756235,1.3647990401232435,0.6595744680851063
+ multi [sum pooling],rep1,multi-point test rows,0.029486984730539467,0.5965676489121163,1.8505426557946882,0.6595744680851063
+ multi [sum pooling],rep1,all test rows (single + multi),0.2921963438500483,0.530771295001135,1.5213844679626463,0.6595744680851063
+ multi [sum pooling],rep2,single-point test rows,0.3885729645288072,0.40726958097826327,1.4108438129557868,0.6170212765957447
+ multi [sum pooling],rep2,multi-point test rows,0.05506882283315903,0.45388270279688525,2.086377505101519,0.6170212765957447
+ multi [sum pooling],rep2,all test rows (single + multi),0.2732057723244761,0.42699699991102563,1.6352659209330211,0.6170212765957447
+ multi [sum pooling],rep3,single-point test rows,0.4087504665051437,0.4076315895998863,1.4148106073813436,0.6808510638297872
+ multi [sum pooling],rep3,multi-point test rows,0.07873596300258572,0.6190495658963573,1.8210866926627125,0.6808510638297872
+ multi [sum pooling],rep3,all test rows (single + multi),0.3012106368885721,0.5167237409097182,1.5434064709359723,0.6808510638297872
+ multi [sum pooling],rep4,single-point test rows,0.3775412179502171,0.3922987777671004,1.425668508939837,0.8297872340425532
+ multi [sum pooling],rep4,multi-point test rows,0.14137103157592953,0.5078382138858164,2.045522025492955,0.8297872340425532
+ multi [sum pooling],rep4,all test rows (single + multi),0.27985320707748224,0.44734561812543233,1.6294569395885738,0.8297872340425532
+ multi + censored [sum pooling],rep0,single-point test rows,0.41075304649719674,0.44491088124255074,1.3801029836155547,0.5957446808510638
+ multi + censored [sum pooling],rep0,multi-point test rows,0.15457656018484056,0.511610297131194,2.0124446123282067,0.5957446808510638
+ multi + censored [sum pooling],rep0,all test rows (single + multi),0.2890679514398314,0.47500971770688205,1.5891624109682125,0.5957446808510638
+ multi + censored [sum pooling],rep1,single-point test rows,0.38045869476300415,0.41382634645868094,1.4038562809853312,0.8297872340425532
+ multi + censored [sum pooling],rep1,multi-point test rows,0.09028619810510724,0.4998415091279388,2.0146740728280523,0.8297872340425532
+ multi + censored [sum pooling],rep1,all test rows (single + multi),0.25953120709041244,0.4558602628063878,1.6046894981297877,0.8297872340425532
+ multi + censored [sum pooling],rep2,single-point test rows,0.4136942634836413,0.3965692656465746,1.4195506055554739,0.574468085106383
+ multi + censored [sum pooling],rep2,multi-point test rows,0.12861889179780628,0.46359605689830075,2.0722147448956956,0.574468085106383
+ multi + censored [sum pooling],rep2,all test rows (single + multi),0.2969031787826029,0.4287533780394422,1.6354096675378085,0.574468085106383
+ multi + censored [sum pooling],rep3,single-point test rows,0.3998757810310184,0.4220094082203801,1.405418553273627,0.5319148936170213
+ multi + censored [sum pooling],rep3,multi-point test rows,0.09588145343195732,0.57321153564268,1.9002735995703002,0.5319148936170213
+ multi + censored [sum pooling],rep3,all test rows (single + multi),0.29078140058369345,0.4996555723294597,1.5647844280462142,0.5319148936170213
+ multi + censored [sum pooling],rep4,single-point test rows,0.4338534979872716,0.45045856952349517,1.3805322478714135,0.5531914893617021
+ multi + censored [sum pooling],rep4,multi-point test rows,0.13006378705670074,0.5869875156496274,1.9260891781161877,0.5531914893617021
+ multi + censored [sum pooling],rep4,all test rows (single + multi),0.3399906702445742,0.5153735652971125,1.5581602606480829,0.5531914893617021
"+ multi + censored, 1/sqrt(n) [sum pooling]",rep0,single-point test rows,0.3874643724522694,0.4351859638725624,1.3961200489417556,0.723404255319149
"+ multi + censored, 1/sqrt(n) [sum pooling]",rep0,multi-point test rows,0.12138931678402635,0.5139957558271285,2.0143150206795015,0.723404255319149
"+ multi + censored, 1/sqrt(n) [sum pooling]",rep0,all test rows (single + multi),0.2835869261138487,0.4660637489091162,1.5997551263132859,0.723404255319149
"+ multi + censored, 1/sqrt(n) [sum pooling]",rep1,single-point test rows,0.364305092818599,0.33895972596980684,1.46468711416389,0.9574468085106383
"+ multi + censored, 1/sqrt(n) [sum pooling]",rep1,multi-point test rows,0.04544329481343192,0.4635348188598154,2.1013536001028807,0.9574468085106383
"+ multi + censored, 1/sqrt(n) [sum pooling]",rep1,all test rows (single + multi),0.2459535524574131,0.39598532067574066,1.6739978977104497,0.9574468085106383
"+ multi + censored, 1/sqrt(n) [sum pooling]",rep2,single-point test rows,0.3945787281761015,0.4152635120020597,1.4078549417620974,0.723404255319149
"+ multi + censored, 1/sqrt(n) [sum pooling]",rep2,multi-point test rows,0.08177861065884552,0.4302891188024077,2.138750652212009,0.723404255319149
"+ multi + censored, 1/sqrt(n) [sum pooling]",rep2,all test rows (single + multi),0.27034338332760044,0.41684147558496165,1.6529182068361823,0.723404255319149
"+ multi + censored, 1/sqrt(n) [sum pooling]",rep3,single-point test rows,0.37873175574017337,0.3941627878972185,1.4278362577865744,0.6808510638297872
"+ multi + censored, 1/sqrt(n) [sum pooling]",rep3,multi-point test rows,0.02857675007161192,0.601070996412157,1.8602330094244446,0.6808510638297872
"+ multi + censored, 1/sqrt(n) [sum pooling]",rep3,all test rows (single + multi),0.26760745854645834,0.5000244174471625,1.5652848032027462,0.6808510638297872
"+ multi + censored, 1/sqrt(n) [sum pooling]",rep4,single-point test rows,0.4336935291588377,0.4194332954730475,1.4145558951782315,0.6808510638297872
"+ multi + censored, 1/sqrt(n) [sum pooling]",rep4,multi-point test rows,0.15789996269850184,0.5004499954325704,2.1382828019951132,0.6808510638297872
"+ multi + censored, 1/sqrt(n) [sum pooling]",rep4,all test rows (single + multi),0.3357199279154935,0.4473978220379529,1.656804084215755,0.6808510638297872
