,,per_complex_spearman,per_complex_spearman,pooled_pearson,pooled_pearson,rmse,rmse
,,mean,std,mean,std,mean,std
test,model,,,,,,
single-point test rows,singles only [mean pooling],0.46,0.017,0.457,0.028,1.379,0.019
multi-point test rows,singles only [mean pooling],0.119,0.046,0.53,0.037,2.128,0.011
all test rows (single + multi),singles only [mean pooling],0.329,0.013,0.449,0.02,1.632,0.012
single-point test rows,+ multi [mean pooling],0.392,0.023,0.439,0.038,1.396,0.033
multi-point test rows,+ multi [mean pooling],0.14,0.034,0.511,0.03,2.063,0.047
all test rows (single + multi),+ multi [mean pooling],0.267,0.018,0.441,0.036,1.617,0.037
single-point test rows,+ multi + censored [mean pooling],0.424,0.02,0.448,0.036,1.385,0.034
multi-point test rows,+ multi + censored [mean pooling],0.152,0.035,0.499,0.032,2.066,0.034
all test rows (single + multi),+ multi + censored [mean pooling],0.302,0.009,0.442,0.031,1.612,0.029
single-point test rows,"+ multi + censored, 1/sqrt(n) [mean pooling]",0.45,0.022,0.457,0.016,1.386,0.02
multi-point test rows,"+ multi + censored, 1/sqrt(n) [mean pooling]",0.119,0.032,0.458,0.067,2.166,0.046
all test rows (single + multi),"+ multi + censored, 1/sqrt(n) [mean pooling]",0.323,0.016,0.431,0.025,1.65,0.023
single-point test rows,singles only [sum pooling],0.46,0.017,0.457,0.028,1.379,0.019
multi-point test rows,singles only [sum pooling],0.053,0.03,0.456,0.045,2.738,0.172
all test rows (single + multi),singles only [sum pooling],0.332,0.021,0.379,0.03,1.877,0.073
single-point test rows,+ multi [sum pooling],0.397,0.016,0.417,0.028,1.405,0.023
multi-point test rows,+ multi [sum pooling],0.083,0.044,0.529,0.075,1.977,0.131
all test rows (single + multi),+ multi [sum pooling],0.282,0.016,0.472,0.048,1.592,0.055
single-point test rows,+ multi + censored [sum pooling],0.408,0.02,0.426,0.022,1.398,0.017
multi-point test rows,+ multi + censored [sum pooling],0.12,0.027,0.527,0.052,1.985,0.071
all test rows (single + multi),+ multi + censored [sum pooling],0.295,0.029,0.475,0.034,1.59,0.031
single-point test rows,"+ multi + censored, 1/sqrt(n) [sum pooling]",0.392,0.026,0.401,0.037,1.422,0.026
multi-point test rows,"+ multi + censored, 1/sqrt(n) [sum pooling]",0.087,0.053,0.502,0.064,2.051,0.118
all test rows (single + multi),"+ multi + censored, 1/sqrt(n) [sum pooling]",0.281,0.034,0.445,0.041,1.63,0.046
