model,fold,params,converged,n_iter,rel_grad
location + substitution,0,{'alpha': 0.01},True,13,9.110051616151058e-06
location + substitution,0,{'alpha': 0.1},True,13,9.187366470665532e-06
location + substitution,0,{'alpha': 1.0},True,13,9.357494708370093e-06
location + substitution,0,{'alpha': 10.0},True,12,9.085327070110862e-06
location + substitution,0,{'alpha': 100.0},True,11,6.66847481664887e-06
location + substitution,0,{'alpha': 1000.0},True,8,1.1382484392147147e-05
location + substitution,1,{'alpha': 0.01},True,11,1.0547881681649702e-05
location + substitution,1,{'alpha': 0.1},True,11,1.8533666029441702e-05
location + substitution,1,{'alpha': 1.0},True,19,6.697637122855603e-06
location + substitution,1,{'alpha': 10.0},True,15,6.098828293870757e-06
location + substitution,1,{'alpha': 100.0},True,10,1.6256160400567857e-05
location + substitution,1,{'alpha': 1000.0},True,8,9.646084914928967e-06
location + substitution,2,{'alpha': 0.01},True,12,2.6440627960826887e-05
location + substitution,2,{'alpha': 0.1},True,12,2.6591439495061343e-05
location + substitution,2,{'alpha': 1.0},True,12,2.7586744472378662e-05
location + substitution,2,{'alpha': 10.0},True,11,3.939604189839704e-05
location + substitution,2,{'alpha': 100.0},True,11,4.319641689863557e-06
location + substitution,2,{'alpha': 1000.0},True,8,5.6229320967183224e-06
location + substitution,3,{'alpha': 0.01},True,11,3.224720922382441e-05
location + substitution,3,{'alpha': 0.1},True,11,3.1762751563743726e-05
location + substitution,3,{'alpha': 1.0},True,13,2.832698722182129e-05
location + substitution,3,{'alpha': 10.0},True,11,2.0141617309052284e-05
location + substitution,3,{'alpha': 100.0},True,9,2.6909202478781753e-05
location + substitution,3,{'alpha': 1000.0},True,8,9.312618783112375e-06
location + substitution,4,{'alpha': 0.01},True,11,8.15241983039349e-06
location + substitution,4,{'alpha': 0.1},True,11,8.06464136518315e-06
location + substitution,4,{'alpha': 1.0},True,11,8.242718130513566e-06
location + substitution,4,{'alpha': 10.0},True,12,6.8066028799371345e-06
location + substitution,4,{'alpha': 100.0},True,10,2.1183689634774298e-06
location + substitution,4,{'alpha': 1000.0},True,8,5.020381062389018e-06
A: augmented ridge,0,"{'alpha': 1.0, 'boost': 1.0, 'n_pca': None}",True,527,2.543435194875425e-05
A: augmented ridge,0,"{'alpha': 1.0, 'boost': 1.0, 'n_pca': 16}",True,8,6.490265139577199e-06
A: augmented ridge,0,"{'alpha': 1.0, 'boost': 1.0, 'n_pca': 64}",True,13,7.586827548456262e-06
A: augmented ridge,0,"{'alpha': 1.0, 'boost': 10.0, 'n_pca': None}",True,580,0.0001261801963615002
A: augmented ridge,0,"{'alpha': 1.0, 'boost': 10.0, 'n_pca': 16}",True,28,0.0002101924150771269
A: augmented ridge,0,"{'alpha': 1.0, 'boost': 10.0, 'n_pca': 64}",True,38,0.0003396771332816541
A: augmented ridge,0,"{'alpha': 10.0, 'boost': 1.0, 'n_pca': None}",True,194,8.012347883907635e-05
A: augmented ridge,0,"{'alpha': 10.0, 'boost': 1.0, 'n_pca': 16}",True,8,4.728621996869044e-06
A: augmented ridge,0,"{'alpha': 10.0, 'boost': 1.0, 'n_pca': 64}",True,13,5.2533462316157335e-06
A: augmented ridge,0,"{'alpha': 10.0, 'boost': 10.0, 'n_pca': None}",True,215,0.00011365025066571976
A: augmented ridge,0,"{'alpha': 10.0, 'boost': 10.0, 'n_pca': 16}",True,24,0.0002790607308913467
A: augmented ridge,0,"{'alpha': 10.0, 'boost': 10.0, 'n_pca': 64}",True,37,0.000816800819321592
A: augmented ridge,0,"{'alpha': 100.0, 'boost': 1.0, 'n_pca': None}",True,61,7.26105016095518e-05
A: augmented ridge,0,"{'alpha': 100.0, 'boost': 1.0, 'n_pca': 16}",True,6,2.4082337718913426e-05
A: augmented ridge,0,"{'alpha': 100.0, 'boost': 1.0, 'n_pca': 64}",True,10,3.475598316028556e-06
A: augmented ridge,0,"{'alpha': 100.0, 'boost': 10.0, 'n_pca': None}",True,67,6.318423685242469e-05
A: augmented ridge,0,"{'alpha': 100.0, 'boost': 10.0, 'n_pca': 16}",True,21,6.155390428110781e-05
A: augmented ridge,0,"{'alpha': 100.0, 'boost': 10.0, 'n_pca': 64}",True,21,1.5277377700577746e-05
A: augmented ridge,0,"{'alpha': 1000.0, 'boost': 1.0, 'n_pca': None}",True,23,9.619507441545784e-05
A: augmented ridge,0,"{'alpha': 1000.0, 'boost': 1.0, 'n_pca': 16}",True,8,3.4233584134411363e-07
A: augmented ridge,0,"{'alpha': 1000.0, 'boost': 1.0, 'n_pca': 64}",True,8,1.6087292357362358e-06
A: augmented ridge,0,"{'alpha': 1000.0, 'boost': 10.0, 'n_pca': None}",True,27,2.2476128857843883e-05
A: augmented ridge,0,"{'alpha': 1000.0, 'boost': 10.0, 'n_pca': 16}",True,11,8.2568742043058e-05
A: augmented ridge,0,"{'alpha': 1000.0, 'boost': 10.0, 'n_pca': 64}",True,14,8.912796670184571e-06
A: augmented ridge,0,"{'alpha': 10000.0, 'boost': 1.0, 'n_pca': None}",True,13,3.9467892997115625e-05
A: augmented ridge,0,"{'alpha': 10000.0, 'boost': 1.0, 'n_pca': 16}",True,7,4.834105476747598e-07
A: augmented ridge,0,"{'alpha': 10000.0, 'boost': 1.0, 'n_pca': 64}",True,7,5.9871999642513175e-06
A: augmented ridge,0,"{'alpha': 10000.0, 'boost': 10.0, 'n_pca': None}",True,14,1.061776878735557e-05
A: augmented ridge,0,"{'alpha': 10000.0, 'boost': 10.0, 'n_pca': 16}",True,11,7.855783782752121e-05
A: augmented ridge,0,"{'alpha': 10000.0, 'boost': 10.0, 'n_pca': 64}",True,12,0.00010432522948575633
A: augmented ridge,1,"{'alpha': 1.0, 'boost': 1.0, 'n_pca': None}",True,492,2.6619892711242324e-05
A: augmented ridge,1,"{'alpha': 1.0, 'boost': 1.0, 'n_pca': 16}",True,7,1.216896705599536e-05
A: augmented ridge,1,"{'alpha': 1.0, 'boost': 1.0, 'n_pca': 64}",True,12,1.2564430145750745e-05
A: augmented ridge,1,"{'alpha': 1.0, 'boost': 10.0, 'n_pca': None}",True,561,2.944082987456097e-05
A: augmented ridge,1,"{'alpha': 1.0, 'boost': 10.0, 'n_pca': 16}",True,21,6.539812955923288e-05
A: augmented ridge,1,"{'alpha': 1.0, 'boost': 10.0, 'n_pca': 64}",True,24,0.0006232205404678043
A: augmented ridge,1,"{'alpha': 10.0, 'boost': 1.0, 'n_pca': None}",True,185,4.321564022807492e-05
A: augmented ridge,1,"{'alpha': 10.0, 'boost': 1.0, 'n_pca': 16}",True,7,5.4755071787456955e-06
A: augmented ridge,1,"{'alpha': 10.0, 'boost': 1.0, 'n_pca': 64}",True,11,5.227957556516571e-05
A: augmented ridge,1,"{'alpha': 10.0, 'boost': 10.0, 'n_pca': None}",True,218,3.852745109040168e-05
A: augmented ridge,1,"{'alpha': 10.0, 'boost': 10.0, 'n_pca': 16}",True,20,0.001286923799246931
A: augmented ridge,1,"{'alpha': 10.0, 'boost': 10.0, 'n_pca': 64}",True,21,2.011188320628848e-05
A: augmented ridge,1,"{'alpha': 100.0, 'boost': 1.0, 'n_pca': None}",True,60,9.287910251536763e-05
A: augmented ridge,1,"{'alpha': 100.0, 'boost': 1.0, 'n_pca': 16}",True,7,4.77737751400082e-06
A: augmented ridge,1,"{'alpha': 100.0, 'boost': 1.0, 'n_pca': 64}",True,8,9.145120534991241e-05
A: augmented ridge,1,"{'alpha': 100.0, 'boost': 10.0, 'n_pca': None}",True,66,4.50350278621663e-05
A: augmented ridge,1,"{'alpha': 100.0, 'boost': 10.0, 'n_pca': 16}",True,23,0.0002786080439006351
A: augmented ridge,1,"{'alpha': 100.0, 'boost': 10.0, 'n_pca': 64}",True,14,4.2785907581327527e-05
A: augmented ridge,1,"{'alpha': 1000.0, 'boost': 1.0, 'n_pca': None}",True,24,3.396117872222087e-05
A: augmented ridge,1,"{'alpha': 1000.0, 'boost': 1.0, 'n_pca': 16}",True,8,2.752510527133205e-07
A: augmented ridge,1,"{'alpha': 1000.0, 'boost': 1.0, 'n_pca': 64}",True,8,1.7823060320371624e-05
A: augmented ridge,1,"{'alpha': 1000.0, 'boost': 10.0, 'n_pca': None}",True,27,0.0012437319640442761
A: augmented ridge,1,"{'alpha': 1000.0, 'boost': 10.0, 'n_pca': 16}",True,9,1.8126866714572876e-05
A: augmented ridge,1,"{'alpha': 1000.0, 'boost': 10.0, 'n_pca': 64}",True,11,3.354584392777499e-05
A: augmented ridge,1,"{'alpha': 10000.0, 'boost': 1.0, 'n_pca': None}",True,14,1.0916783950057531e-05
A: augmented ridge,1,"{'alpha': 10000.0, 'boost': 1.0, 'n_pca': 16}",True,7,4.093448262950408e-06
A: augmented ridge,1,"{'alpha': 10000.0, 'boost': 1.0, 'n_pca': 64}",True,8,3.8939013200613335e-06
A: augmented ridge,1,"{'alpha': 10000.0, 'boost': 10.0, 'n_pca': None}",True,14,3.3363159071881954e-05
A: augmented ridge,1,"{'alpha': 10000.0, 'boost': 10.0, 'n_pca': 16}",True,13,1.5500282824585414e-05
A: augmented ridge,1,"{'alpha': 10000.0, 'boost': 10.0, 'n_pca': 64}",True,13,9.225700464064518e-05
A: augmented ridge,2,"{'alpha': 1.0, 'boost': 1.0, 'n_pca': None}",True,491,9.295686480778502e-05
A: augmented ridge,2,"{'alpha': 1.0, 'boost': 1.0, 'n_pca': 16}",True,8,4.420858055031168e-06
A: augmented ridge,2,"{'alpha': 1.0, 'boost': 1.0, 'n_pca': 64}",True,13,1.6707528604401866e-05
A: augmented ridge,2,"{'alpha': 1.0, 'boost': 10.0, 'n_pca': None}",True,540,0.00015485674406686073
A: augmented ridge,2,"{'alpha': 1.0, 'boost': 10.0, 'n_pca': 16}",True,12,0.0004502060650291749
A: augmented ridge,2,"{'alpha': 1.0, 'boost': 10.0, 'n_pca': 64}",True,26,0.000441589495598899
A: augmented ridge,2,"{'alpha': 10.0, 'boost': 1.0, 'n_pca': None}",True,189,3.857123084255075e-05
A: augmented ridge,2,"{'alpha': 10.0, 'boost': 1.0, 'n_pca': 16}",True,7,2.662292752373934e-05
A: augmented ridge,2,"{'alpha': 10.0, 'boost': 1.0, 'n_pca': 64}",True,12,1.2538328195430518e-05
A: augmented ridge,2,"{'alpha': 10.0, 'boost': 10.0, 'n_pca': None}",True,216,4.4834586991069864e-05
A: augmented ridge,2,"{'alpha': 10.0, 'boost': 10.0, 'n_pca': 16}",True,12,0.0001332816352219736
A: augmented ridge,2,"{'alpha': 10.0, 'boost': 10.0, 'n_pca': 64}",True,39,0.00016135455500602007
A: augmented ridge,2,"{'alpha': 100.0, 'boost': 1.0, 'n_pca': None}",True,55,0.0002701768384981655
A: augmented ridge,2,"{'alpha': 100.0, 'boost': 1.0, 'n_pca': 16}",True,6,3.126982290612644e-05
A: augmented ridge,2,"{'alpha': 100.0, 'boost': 1.0, 'n_pca': 64}",True,9,1.0234977687822976e-05
A: augmented ridge,2,"{'alpha': 100.0, 'boost': 10.0, 'n_pca': None}",True,65,0.00015354261375827137
A: augmented ridge,2,"{'alpha': 100.0, 'boost': 10.0, 'n_pca': 16}",True,14,8.382568407675435e-05
A: augmented ridge,2,"{'alpha': 100.0, 'boost': 10.0, 'n_pca': 64}",True,29,0.00022830585987169982
A: augmented ridge,2,"{'alpha': 1000.0, 'boost': 1.0, 'n_pca': None}",True,25,4.8471405287177805e-05
A: augmented ridge,2,"{'alpha': 1000.0, 'boost': 1.0, 'n_pca': 16}",True,7,4.484700371170815e-06
A: augmented ridge,2,"{'alpha': 1000.0, 'boost': 1.0, 'n_pca': 64}",True,8,8.056709911468368e-07
A: augmented ridge,2,"{'alpha': 1000.0, 'boost': 10.0, 'n_pca': None}",True,26,0.00015297933576589623
A: augmented ridge,2,"{'alpha': 1000.0, 'boost': 10.0, 'n_pca': 16}",True,17,7.477429820587429e-05
A: augmented ridge,2,"{'alpha': 1000.0, 'boost': 10.0, 'n_pca': 64}",True,14,0.0007824302058443486
A: augmented ridge,2,"{'alpha': 10000.0, 'boost': 1.0, 'n_pca': None}",True,13,3.281712675314643e-05
A: augmented ridge,2,"{'alpha': 10000.0, 'boost': 1.0, 'n_pca': 16}",True,7,3.4223093355934624e-05
A: augmented ridge,2,"{'alpha': 10000.0, 'boost': 1.0, 'n_pca': 64}",True,8,2.614578569078305e-06
A: augmented ridge,2,"{'alpha': 10000.0, 'boost': 10.0, 'n_pca': None}",True,15,0.00024732637164545147
A: augmented ridge,2,"{'alpha': 10000.0, 'boost': 10.0, 'n_pca': 16}",True,12,0.00019322703385462751
A: augmented ridge,2,"{'alpha': 10000.0, 'boost': 10.0, 'n_pca': 64}",True,12,3.392099720260863e-05
A: augmented ridge,3,"{'alpha': 1.0, 'boost': 1.0, 'n_pca': None}",True,524,3.809796634793281e-05
A: augmented ridge,3,"{'alpha': 1.0, 'boost': 1.0, 'n_pca': 16}",True,8,1.0993080759663259e-05
A: augmented ridge,3,"{'alpha': 1.0, 'boost': 1.0, 'n_pca': 64}",True,14,8.877570619837178e-06
A: augmented ridge,3,"{'alpha': 1.0, 'boost': 10.0, 'n_pca': None}",True,578,0.00025869651291462206
A: augmented ridge,3,"{'alpha': 1.0, 'boost': 10.0, 'n_pca': 16}",True,12,9.767044182498136e-05
A: augmented ridge,3,"{'alpha': 1.0, 'boost': 10.0, 'n_pca': 64}",True,38,6.529886868329513e-05
A: augmented ridge,3,"{'alpha': 10.0, 'boost': 1.0, 'n_pca': None}",True,192,9.50810014116533e-05
A: augmented ridge,3,"{'alpha': 10.0, 'boost': 1.0, 'n_pca': 16}",True,8,5.08161161563427e-06
A: augmented ridge,3,"{'alpha': 10.0, 'boost': 1.0, 'n_pca': 64}",True,12,1.471631402138598e-05
A: augmented ridge,3,"{'alpha': 10.0, 'boost': 10.0, 'n_pca': None}",True,214,0.0002661405391245183
A: augmented ridge,3,"{'alpha': 10.0, 'boost': 10.0, 'n_pca': 16}",True,15,9.342755180200574e-06
A: augmented ridge,3,"{'alpha': 10.0, 'boost': 10.0, 'n_pca': 64}",True,33,8.096105682766328e-05
A: augmented ridge,3,"{'alpha': 100.0, 'boost': 1.0, 'n_pca': None}",True,62,3.655947918607635e-05
A: augmented ridge,3,"{'alpha': 100.0, 'boost': 1.0, 'n_pca': 16}",True,6,2.2835383360441184e-05
A: augmented ridge,3,"{'alpha': 100.0, 'boost': 1.0, 'n_pca': 64}",True,10,1.1121622752555689e-05
A: augmented ridge,3,"{'alpha': 100.0, 'boost': 10.0, 'n_pca': None}",True,65,6.538225401018312e-05
A: augmented ridge,3,"{'alpha': 100.0, 'boost': 10.0, 'n_pca': 16}",True,10,1.4059847226195841e-05
A: augmented ridge,3,"{'alpha': 100.0, 'boost': 10.0, 'n_pca': 64}",True,24,1.7894522443621752e-05
A: augmented ridge,3,"{'alpha': 1000.0, 'boost': 1.0, 'n_pca': None}",True,24,7.365995581006069e-05
A: augmented ridge,3,"{'alpha': 1000.0, 'boost': 1.0, 'n_pca': 16}",True,7,7.074426543603473e-06
A: augmented ridge,3,"{'alpha': 1000.0, 'boost': 1.0, 'n_pca': 64}",True,8,1.685361414596012e-06
A: augmented ridge,3,"{'alpha': 1000.0, 'boost': 10.0, 'n_pca': None}",True,26,5.805924430130441e-05
A: augmented ridge,3,"{'alpha': 1000.0, 'boost': 10.0, 'n_pca': 16}",True,17,6.0613324853445585e-06
A: augmented ridge,3,"{'alpha': 1000.0, 'boost': 10.0, 'n_pca': 64}",True,14,0.00011154121180577402
A: augmented ridge,3,"{'alpha': 10000.0, 'boost': 1.0, 'n_pca': None}",True,14,4.650370166440152e-05
A: augmented ridge,3,"{'alpha': 10000.0, 'boost': 1.0, 'n_pca': 16}",True,7,9.522341025214588e-06
A: augmented ridge,3,"{'alpha': 10000.0, 'boost': 1.0, 'n_pca': 64}",True,8,1.0472214750899099e-07
A: augmented ridge,3,"{'alpha': 10000.0, 'boost': 10.0, 'n_pca': None}",True,14,7.895467914664607e-06
A: augmented ridge,3,"{'alpha': 10000.0, 'boost': 10.0, 'n_pca': 16}",True,13,5.4566886524959595e-06
A: augmented ridge,3,"{'alpha': 10000.0, 'boost': 10.0, 'n_pca': 64}",True,13,8.129730961186854e-05
A: augmented ridge,4,"{'alpha': 1.0, 'boost': 1.0, 'n_pca': None}",True,481,4.585649679692223e-05
A: augmented ridge,4,"{'alpha': 1.0, 'boost': 1.0, 'n_pca': 16}",True,7,1.1120393529087825e-05
A: augmented ridge,4,"{'alpha': 1.0, 'boost': 1.0, 'n_pca': 64}",True,13,7.1659709369264754e-06
A: augmented ridge,4,"{'alpha': 1.0, 'boost': 10.0, 'n_pca': None}",True,536,0.00029119874126994256
A: augmented ridge,4,"{'alpha': 1.0, 'boost': 10.0, 'n_pca': 16}",True,9,0.0002043363931326479
A: augmented ridge,4,"{'alpha': 1.0, 'boost': 10.0, 'n_pca': 64}",True,31,0.0005981356144472364
A: augmented ridge,4,"{'alpha': 10.0, 'boost': 1.0, 'n_pca': None}",True,190,0.00011526892834732202
A: augmented ridge,4,"{'alpha': 10.0, 'boost': 1.0, 'n_pca': 16}",True,7,1.134750596507353e-05
A: augmented ridge,4,"{'alpha': 10.0, 'boost': 1.0, 'n_pca': 64}",True,12,1.8527563944025688e-05
A: augmented ridge,4,"{'alpha': 10.0, 'boost': 10.0, 'n_pca': None}",True,207,9.454381095516814e-05
A: augmented ridge,4,"{'alpha': 10.0, 'boost': 10.0, 'n_pca': 16}",True,8,8.898111812764763e-05
A: augmented ridge,4,"{'alpha': 10.0, 'boost': 10.0, 'n_pca': 64}",True,26,2.583145993567436e-05
A: augmented ridge,4,"{'alpha': 100.0, 'boost': 1.0, 'n_pca': None}",True,59,0.0001210373178779282
A: augmented ridge,4,"{'alpha': 100.0, 'boost': 1.0, 'n_pca': 16}",True,7,1.6801114149485753e-05
A: augmented ridge,4,"{'alpha': 100.0, 'boost': 1.0, 'n_pca': 64}",True,9,1.1925687521091514e-05
A: augmented ridge,4,"{'alpha': 100.0, 'boost': 10.0, 'n_pca': None}",True,64,0.00012517458021002735
A: augmented ridge,4,"{'alpha': 100.0, 'boost': 10.0, 'n_pca': 16}",True,9,1.968449228467595e-05
A: augmented ridge,4,"{'alpha': 100.0, 'boost': 10.0, 'n_pca': 64}",True,31,0.00012764034917213664
A: augmented ridge,4,"{'alpha': 1000.0, 'boost': 1.0, 'n_pca': None}",True,23,0.00010232140474571151
A: augmented ridge,4,"{'alpha': 1000.0, 'boost': 1.0, 'n_pca': 16}",True,8,9.770156169278553e-08
A: augmented ridge,4,"{'alpha': 1000.0, 'boost': 1.0, 'n_pca': 64}",True,8,2.4519936876077682e-06
A: augmented ridge,4,"{'alpha': 1000.0, 'boost': 10.0, 'n_pca': None}",True,26,0.00022214182181674394
A: augmented ridge,4,"{'alpha': 1000.0, 'boost': 10.0, 'n_pca': 16}",True,9,2.0559085220923753e-05
A: augmented ridge,4,"{'alpha': 1000.0, 'boost': 10.0, 'n_pca': 64}",True,13,0.00023192571132012285
A: augmented ridge,4,"{'alpha': 10000.0, 'boost': 1.0, 'n_pca': None}",True,14,1.3255922313386612e-05
A: augmented ridge,4,"{'alpha': 10000.0, 'boost': 1.0, 'n_pca': 16}",True,8,7.067095763790265e-06
A: augmented ridge,4,"{'alpha': 10000.0, 'boost': 1.0, 'n_pca': 64}",True,7,0.00010011127040648075
A: augmented ridge,4,"{'alpha': 10000.0, 'boost': 10.0, 'n_pca': None}",True,13,2.2194878390589697e-05
A: augmented ridge,4,"{'alpha': 10000.0, 'boost': 10.0, 'n_pca': 16}",True,13,6.3028596043578e-05
A: augmented ridge,4,"{'alpha': 10000.0, 'boost': 10.0, 'n_pca': 64}",True,12,5.634236631692375e-06
B: augmented ridge,0,"{'alpha': 1.0, 'boost': 1.0, 'n_pca': None}",True,524,4.5304777840149555e-05
B: augmented ridge,0,"{'alpha': 1.0, 'boost': 1.0, 'n_pca': 16}",True,8,1.2445466162741286e-05
B: augmented ridge,0,"{'alpha': 1.0, 'boost': 1.0, 'n_pca': 64}",True,15,2.2526340831850384e-05
B: augmented ridge,0,"{'alpha': 1.0, 'boost': 10.0, 'n_pca': None}",True,569,0.00010472884266729645
B: augmented ridge,0,"{'alpha': 1.0, 'boost': 10.0, 'n_pca': 16}",True,21,8.207566038965139e-05
B: augmented ridge,0,"{'alpha': 1.0, 'boost': 10.0, 'n_pca': 64}",True,37,0.00017694139834549313
B: augmented ridge,0,"{'alpha': 10.0, 'boost': 1.0, 'n_pca': None}",True,191,4.707576330204952e-05
B: augmented ridge,0,"{'alpha': 10.0, 'boost': 1.0, 'n_pca': 16}",True,8,7.364292084850559e-06
B: augmented ridge,0,"{'alpha': 10.0, 'boost': 1.0, 'n_pca': 64}",True,15,1.1185249130481344e-05
B: augmented ridge,0,"{'alpha': 10.0, 'boost': 10.0, 'n_pca': None}",True,206,0.00033527815049799964
B: augmented ridge,0,"{'alpha': 10.0, 'boost': 10.0, 'n_pca': 16}",True,16,0.00017117722123656455
B: augmented ridge,0,"{'alpha': 10.0, 'boost': 10.0, 'n_pca': 64}",True,35,0.000465316782926064
B: augmented ridge,0,"{'alpha': 100.0, 'boost': 1.0, 'n_pca': None}",True,59,5.104256931269996e-05
B: augmented ridge,0,"{'alpha': 100.0, 'boost': 1.0, 'n_pca': 16}",True,8,1.6151083710475677e-06
B: augmented ridge,0,"{'alpha': 100.0, 'boost': 1.0, 'n_pca': 64}",True,10,2.364317268236643e-06
B: augmented ridge,0,"{'alpha': 100.0, 'boost': 10.0, 'n_pca': None}",True,68,7.862519997841366e-05
B: augmented ridge,0,"{'alpha': 100.0, 'boost': 10.0, 'n_pca': 16}",True,18,6.0342581203595375e-05
B: augmented ridge,0,"{'alpha': 100.0, 'boost': 10.0, 'n_pca': 64}",True,21,0.00041270818747851087
B: augmented ridge,0,"{'alpha': 1000.0, 'boost': 1.0, 'n_pca': None}",True,24,5.589812548354999e-05
B: augmented ridge,0,"{'alpha': 1000.0, 'boost': 1.0, 'n_pca': 16}",True,7,7.933733046041437e-06
B: augmented ridge,0,"{'alpha': 1000.0, 'boost': 1.0, 'n_pca': 64}",True,8,2.516511244537778e-06
B: augmented ridge,0,"{'alpha': 1000.0, 'boost': 10.0, 'n_pca': None}",True,25,0.0001479391440931136
B: augmented ridge,0,"{'alpha': 1000.0, 'boost': 10.0, 'n_pca': 16}",True,13,6.056444473891535e-05
B: augmented ridge,0,"{'alpha': 1000.0, 'boost': 10.0, 'n_pca': 64}",True,12,2.399731481308778e-05
B: augmented ridge,0,"{'alpha': 10000.0, 'boost': 1.0, 'n_pca': None}",True,14,1.3419556503008202e-05
B: augmented ridge,0,"{'alpha': 10000.0, 'boost': 1.0, 'n_pca': 16}",True,8,1.6717135638731888e-05
B: augmented ridge,0,"{'alpha': 10000.0, 'boost': 1.0, 'n_pca': 64}",True,8,3.088514766586619e-08
B: augmented ridge,0,"{'alpha': 10000.0, 'boost': 10.0, 'n_pca': None}",True,14,2.9026208056068728e-06
B: augmented ridge,0,"{'alpha': 10000.0, 'boost': 10.0, 'n_pca': 16}",True,12,3.246731815085308e-05
B: augmented ridge,0,"{'alpha': 10000.0, 'boost': 10.0, 'n_pca': 64}",True,13,4.6385253011478946e-05
B: augmented ridge,1,"{'alpha': 1.0, 'boost': 1.0, 'n_pca': None}",True,490,7.697416677899785e-05
B: augmented ridge,1,"{'alpha': 1.0, 'boost': 1.0, 'n_pca': 16}",True,9,3.9257082535207446e-06
B: augmented ridge,1,"{'alpha': 1.0, 'boost': 1.0, 'n_pca': 64}",True,15,2.6622962453099887e-05
B: augmented ridge,1,"{'alpha': 1.0, 'boost': 10.0, 'n_pca': None}",True,563,5.3754007913048594e-05
B: augmented ridge,1,"{'alpha': 1.0, 'boost': 10.0, 'n_pca': 16}",True,26,0.0001475190812606388
B: augmented ridge,1,"{'alpha': 1.0, 'boost': 10.0, 'n_pca': 64}",True,23,9.894922987619489e-05
B: augmented ridge,1,"{'alpha': 10.0, 'boost': 1.0, 'n_pca': None}",True,187,0.00012552039427153185
B: augmented ridge,1,"{'alpha': 10.0, 'boost': 1.0, 'n_pca': 16}",True,9,3.293354030218834e-06
B: augmented ridge,1,"{'alpha': 10.0, 'boost': 1.0, 'n_pca': 64}",True,13,2.052449163102642e-05
B: augmented ridge,1,"{'alpha': 10.0, 'boost': 10.0, 'n_pca': None}",True,208,0.00026802100122412596
B: augmented ridge,1,"{'alpha': 10.0, 'boost': 10.0, 'n_pca': 16}",True,24,9.128014324663757e-05
B: augmented ridge,1,"{'alpha': 10.0, 'boost': 10.0, 'n_pca': 64}",True,23,0.0001020924437988817
B: augmented ridge,1,"{'alpha': 100.0, 'boost': 1.0, 'n_pca': None}",True,61,3.527389794568438e-05
B: augmented ridge,1,"{'alpha': 100.0, 'boost': 1.0, 'n_pca': 16}",True,7,2.2318367785139578e-05
B: augmented ridge,1,"{'alpha': 100.0, 'boost': 1.0, 'n_pca': 64}",True,10,5.558366277316491e-06
B: augmented ridge,1,"{'alpha': 100.0, 'boost': 10.0, 'n_pca': None}",True,65,0.0002995654301524131
B: augmented ridge,1,"{'alpha': 100.0, 'boost': 10.0, 'n_pca': 16}",True,10,1.0129262844765732e-05
B: augmented ridge,1,"{'alpha': 100.0, 'boost': 10.0, 'n_pca': 64}",True,22,0.0003889497439392524
B: augmented ridge,1,"{'alpha': 1000.0, 'boost': 1.0, 'n_pca': None}",True,24,4.2339934842724176e-05
B: augmented ridge,1,"{'alpha': 1000.0, 'boost': 1.0, 'n_pca': 16}",True,8,1.1157979934950876e-06
B: augmented ridge,1,"{'alpha': 1000.0, 'boost': 1.0, 'n_pca': 64}",True,8,8.52389223857008e-06
B: augmented ridge,1,"{'alpha': 1000.0, 'boost': 10.0, 'n_pca': None}",True,28,0.00024631627646298375
B: augmented ridge,1,"{'alpha': 1000.0, 'boost': 10.0, 'n_pca': 16}",True,10,1.1899685828016474e-05
B: augmented ridge,1,"{'alpha': 1000.0, 'boost': 10.0, 'n_pca': 64}",True,11,6.014499079123315e-06
B: augmented ridge,1,"{'alpha': 10000.0, 'boost': 1.0, 'n_pca': None}",True,14,6.944716334701676e-06
B: augmented ridge,1,"{'alpha': 10000.0, 'boost': 1.0, 'n_pca': 16}",True,7,6.122657038031235e-06
B: augmented ridge,1,"{'alpha': 10000.0, 'boost': 1.0, 'n_pca': 64}",True,8,1.473487122944254e-07
B: augmented ridge,1,"{'alpha': 10000.0, 'boost': 10.0, 'n_pca': None}",True,14,3.159349682164072e-05
B: augmented ridge,1,"{'alpha': 10000.0, 'boost': 10.0, 'n_pca': 16}",True,13,1.1458855242211166e-06
B: augmented ridge,1,"{'alpha': 10000.0, 'boost': 10.0, 'n_pca': 64}",True,13,1.1494275736955321e-05
B: augmented ridge,2,"{'alpha': 1.0, 'boost': 1.0, 'n_pca': None}",True,504,6.243801960697082e-05
B: augmented ridge,2,"{'alpha': 1.0, 'boost': 1.0, 'n_pca': 16}",True,8,2.439614602240577e-05
B: augmented ridge,2,"{'alpha': 1.0, 'boost': 1.0, 'n_pca': 64}",True,15,2.3392938497998678e-05
B: augmented ridge,2,"{'alpha': 1.0, 'boost': 10.0, 'n_pca': None}",True,535,0.0008086652843830991
B: augmented ridge,2,"{'alpha': 1.0, 'boost': 10.0, 'n_pca': 16}",True,28,0.00038630664886470036
B: augmented ridge,2,"{'alpha': 1.0, 'boost': 10.0, 'n_pca': 64}",True,33,9.368813959893608e-05
B: augmented ridge,2,"{'alpha': 10.0, 'boost': 1.0, 'n_pca': None}",True,185,5.967323919240232e-05
B: augmented ridge,2,"{'alpha': 10.0, 'boost': 1.0, 'n_pca': 16}",True,8,1.3625848592211807e-05
B: augmented ridge,2,"{'alpha': 10.0, 'boost': 1.0, 'n_pca': 64}",True,15,1.3596219588459317e-05
B: augmented ridge,2,"{'alpha': 10.0, 'boost': 10.0, 'n_pca': None}",True,207,0.00038700150246282275
B: augmented ridge,2,"{'alpha': 10.0, 'boost': 10.0, 'n_pca': 16}",True,26,3.62047804955806e-06
B: augmented ridge,2,"{'alpha': 10.0, 'boost': 10.0, 'n_pca': 64}",True,33,0.0005051988770987771
B: augmented ridge,2,"{'alpha': 100.0, 'boost': 1.0, 'n_pca': None}",True,56,0.00015455830700737135
B: augmented ridge,2,"{'alpha': 100.0, 'boost': 1.0, 'n_pca': 16}",True,7,1.3005979301396398e-05
B: augmented ridge,2,"{'alpha': 100.0, 'boost': 1.0, 'n_pca': 64}",True,10,5.471506226778441e-06
B: augmented ridge,2,"{'alpha': 100.0, 'boost': 10.0, 'n_pca': None}",True,65,0.0001063311664964201
B: augmented ridge,2,"{'alpha': 100.0, 'boost': 10.0, 'n_pca': 16}",True,25,9.333261742344379e-05
B: augmented ridge,2,"{'alpha': 100.0, 'boost': 10.0, 'n_pca': 64}",True,21,0.00010351851285053613
B: augmented ridge,2,"{'alpha': 1000.0, 'boost': 1.0, 'n_pca': None}",True,25,3.347380061565254e-05
B: augmented ridge,2,"{'alpha': 1000.0, 'boost': 1.0, 'n_pca': 16}",True,7,7.145919269113497e-05
B: augmented ridge,2,"{'alpha': 1000.0, 'boost': 1.0, 'n_pca': 64}",True,8,2.197336877023196e-06
B: augmented ridge,2,"{'alpha': 1000.0, 'boost': 10.0, 'n_pca': None}",True,26,0.00019052675058183721
B: augmented ridge,2,"{'alpha': 1000.0, 'boost': 10.0, 'n_pca': 16}",True,14,1.324468157738277e-05
B: augmented ridge,2,"{'alpha': 1000.0, 'boost': 10.0, 'n_pca': 64}",True,14,0.0003613858925931239
B: augmented ridge,2,"{'alpha': 10000.0, 'boost': 1.0, 'n_pca': None}",True,13,2.5248490916716013e-05
B: augmented ridge,2,"{'alpha': 10000.0, 'boost': 1.0, 'n_pca': 16}",True,8,7.384447267885277e-08
B: augmented ridge,2,"{'alpha': 10000.0, 'boost': 1.0, 'n_pca': 64}",True,8,1.952577011974436e-06
B: augmented ridge,2,"{'alpha': 10000.0, 'boost': 10.0, 'n_pca': None}",True,15,0.00019576763385804113
B: augmented ridge,2,"{'alpha': 10000.0, 'boost': 10.0, 'n_pca': 16}",True,11,7.052837580904239e-06
B: augmented ridge,2,"{'alpha': 10000.0, 'boost': 10.0, 'n_pca': 64}",True,12,9.155120452457876e-06
B: augmented ridge,3,"{'alpha': 1.0, 'boost': 1.0, 'n_pca': None}",True,532,1.789825489179538e-05
B: augmented ridge,3,"{'alpha': 1.0, 'boost': 1.0, 'n_pca': 16}",True,8,2.665957936109702e-05
B: augmented ridge,3,"{'alpha': 1.0, 'boost': 1.0, 'n_pca': 64}",True,17,3.0257238015224397e-05
B: augmented ridge,3,"{'alpha': 1.0, 'boost': 10.0, 'n_pca': None}",True,555,0.0004312948088461336
B: augmented ridge,3,"{'alpha': 1.0, 'boost': 10.0, 'n_pca': 16}",True,31,0.0002942826199477543
B: augmented ridge,3,"{'alpha': 1.0, 'boost': 10.0, 'n_pca': 64}",True,38,0.0002526387285900944
B: augmented ridge,3,"{'alpha': 10.0, 'boost': 1.0, 'n_pca': None}",True,194,5.113775333295018e-05
B: augmented ridge,3,"{'alpha': 10.0, 'boost': 1.0, 'n_pca': 16}",True,8,1.1423225126843735e-05
B: augmented ridge,3,"{'alpha': 10.0, 'boost': 1.0, 'n_pca': 64}",True,16,8.381888673950254e-06
B: augmented ridge,3,"{'alpha': 10.0, 'boost': 10.0, 'n_pca': None}",True,209,0.00011606101902787465
B: augmented ridge,3,"{'alpha': 10.0, 'boost': 10.0, 'n_pca': 16}",True,30,6.726575027972382e-05
B: augmented ridge,3,"{'alpha': 10.0, 'boost': 10.0, 'n_pca': 64}",True,35,0.0004926595343133418
B: augmented ridge,3,"{'alpha': 100.0, 'boost': 1.0, 'n_pca': None}",True,61,6.611161105506973e-05
B: augmented ridge,3,"{'alpha': 100.0, 'boost': 1.0, 'n_pca': 16}",True,7,7.310505298059669e-06
B: augmented ridge,3,"{'alpha': 100.0, 'boost': 1.0, 'n_pca': 64}",True,10,1.713555265699254e-05
B: augmented ridge,3,"{'alpha': 100.0, 'boost': 10.0, 'n_pca': None}",True,65,0.00015305719410142177
B: augmented ridge,3,"{'alpha': 100.0, 'boost': 10.0, 'n_pca': 16}",True,22,0.00023225687044074153
B: augmented ridge,3,"{'alpha': 100.0, 'boost': 10.0, 'n_pca': 64}",True,24,8.794759411367913e-05
B: augmented ridge,3,"{'alpha': 1000.0, 'boost': 1.0, 'n_pca': None}",True,25,2.5106355936208065e-05
B: augmented ridge,3,"{'alpha': 1000.0, 'boost': 1.0, 'n_pca': 16}",True,8,1.6431250468262396e-06
B: augmented ridge,3,"{'alpha': 1000.0, 'boost': 1.0, 'n_pca': 64}",True,8,1.4694578291080834e-05
B: augmented ridge,3,"{'alpha': 1000.0, 'boost': 10.0, 'n_pca': None}",True,26,2.1006842346963698e-05
B: augmented ridge,3,"{'alpha': 1000.0, 'boost': 10.0, 'n_pca': 16}",True,12,3.532027758856974e-05
B: augmented ridge,3,"{'alpha': 1000.0, 'boost': 10.0, 'n_pca': 64}",True,15,0.0001780587643305161
B: augmented ridge,3,"{'alpha': 10000.0, 'boost': 1.0, 'n_pca': None}",True,14,3.593171758833603e-05
B: augmented ridge,3,"{'alpha': 10000.0, 'boost': 1.0, 'n_pca': 16}",True,8,5.406186599975924e-07
B: augmented ridge,3,"{'alpha': 10000.0, 'boost': 1.0, 'n_pca': 64}",True,8,6.165985881759242e-07
B: augmented ridge,3,"{'alpha': 10000.0, 'boost': 10.0, 'n_pca': None}",True,14,7.366526456494089e-06
B: augmented ridge,3,"{'alpha': 10000.0, 'boost': 10.0, 'n_pca': 16}",True,13,2.083794606619855e-05
B: augmented ridge,3,"{'alpha': 10000.0, 'boost': 10.0, 'n_pca': 64}",True,11,4.880088080002494e-05
B: augmented ridge,4,"{'alpha': 1.0, 'boost': 1.0, 'n_pca': None}",True,472,6.0226801700413184e-05
B: augmented ridge,4,"{'alpha': 1.0, 'boost': 1.0, 'n_pca': 16}",True,9,4.109619318239093e-06
B: augmented ridge,4,"{'alpha': 1.0, 'boost': 1.0, 'n_pca': 64}",True,15,9.844510356294071e-06
B: augmented ridge,4,"{'alpha': 1.0, 'boost': 10.0, 'n_pca': None}",True,508,2.875205933142885e-05
B: augmented ridge,4,"{'alpha': 1.0, 'boost': 10.0, 'n_pca': 16}",True,26,9.310943368380769e-05
B: augmented ridge,4,"{'alpha': 1.0, 'boost': 10.0, 'n_pca': 64}",True,33,1.6280936978089033e-05
B: augmented ridge,4,"{'alpha': 10.0, 'boost': 1.0, 'n_pca': None}",True,186,3.764012454607521e-05
B: augmented ridge,4,"{'alpha': 10.0, 'boost': 1.0, 'n_pca': 16}",True,9,1.7217622517156742e-06
B: augmented ridge,4,"{'alpha': 10.0, 'boost': 1.0, 'n_pca': 64}",True,13,3.9593736195183074e-05
B: augmented ridge,4,"{'alpha': 10.0, 'boost': 10.0, 'n_pca': None}",True,220,2.7915280798727755e-05
B: augmented ridge,4,"{'alpha': 10.0, 'boost': 10.0, 'n_pca': 16}",True,32,0.0003952792219507147
B: augmented ridge,4,"{'alpha': 10.0, 'boost': 10.0, 'n_pca': 64}",True,38,0.00019192933657837582
B: augmented ridge,4,"{'alpha': 100.0, 'boost': 1.0, 'n_pca': None}",True,60,3.516493377409595e-05
B: augmented ridge,4,"{'alpha': 100.0, 'boost': 1.0, 'n_pca': 16}",True,8,1.2787864542957743e-06
B: augmented ridge,4,"{'alpha': 100.0, 'boost': 1.0, 'n_pca': 64}",True,10,1.377986222714766e-05
B: augmented ridge,4,"{'alpha': 100.0, 'boost': 10.0, 'n_pca': None}",True,66,0.000494692661005329
B: augmented ridge,4,"{'alpha': 100.0, 'boost': 10.0, 'n_pca': 16}",True,24,0.00015305850495366888
B: augmented ridge,4,"{'alpha': 100.0, 'boost': 10.0, 'n_pca': 64}",True,15,0.0004583976961978905
B: augmented ridge,4,"{'alpha': 1000.0, 'boost': 1.0, 'n_pca': None}",True,23,2.5770112642004504e-05
B: augmented ridge,4,"{'alpha': 1000.0, 'boost': 1.0, 'n_pca': 16}",True,7,3.2544863501498483e-06
B: augmented ridge,4,"{'alpha': 1000.0, 'boost': 1.0, 'n_pca': 64}",True,8,4.5726091490049646e-06
B: augmented ridge,4,"{'alpha': 1000.0, 'boost': 10.0, 'n_pca': None}",True,27,4.9366839340115844e-05
B: augmented ridge,4,"{'alpha': 1000.0, 'boost': 10.0, 'n_pca': 16}",True,12,9.835619787101869e-05
B: augmented ridge,4,"{'alpha': 1000.0, 'boost': 10.0, 'n_pca': 64}",True,14,0.0006598255930203667
B: augmented ridge,4,"{'alpha': 10000.0, 'boost': 1.0, 'n_pca': None}",True,14,1.105974568381581e-05
B: augmented ridge,4,"{'alpha': 10000.0, 'boost': 1.0, 'n_pca': 16}",True,8,5.650116268681857e-06
B: augmented ridge,4,"{'alpha': 10000.0, 'boost': 1.0, 'n_pca': 64}",True,8,1.5182539302334338e-07
B: augmented ridge,4,"{'alpha': 10000.0, 'boost': 10.0, 'n_pca': None}",True,13,1.755780149641604e-05
B: augmented ridge,4,"{'alpha': 10000.0, 'boost': 10.0, 'n_pca': 16}",True,13,6.03996511809945e-05
B: augmented ridge,4,"{'alpha': 10000.0, 'boost': 10.0, 'n_pca': 64}",True,11,0.0001225630392006208
C: augmented ridge,0,"{'alpha': 1.0, 'boost': 1.0, 'n_pca': None}",True,540,5.211115632210677e-05
C: augmented ridge,0,"{'alpha': 1.0, 'boost': 1.0, 'n_pca': 16}",True,36,3.972220806543187e-05
C: augmented ridge,0,"{'alpha': 1.0, 'boost': 1.0, 'n_pca': 64}",True,48,1.87252616605683e-05
C: augmented ridge,0,"{'alpha': 1.0, 'boost': 10.0, 'n_pca': None}",True,645,6.428984426747922e-05
C: augmented ridge,0,"{'alpha': 1.0, 'boost': 10.0, 'n_pca': 16}",True,114,0.00010060201004807148
C: augmented ridge,0,"{'alpha': 1.0, 'boost': 10.0, 'n_pca': 64}",True,69,0.00016613545838107204
C: augmented ridge,0,"{'alpha': 10.0, 'boost': 1.0, 'n_pca': None}",True,189,2.559204126366984e-05
C: augmented ridge,0,"{'alpha': 10.0, 'boost': 1.0, 'n_pca': 16}",True,25,3.591556696700518e-05
C: augmented ridge,0,"{'alpha': 10.0, 'boost': 1.0, 'n_pca': 64}",True,29,2.6414792635999975e-05
C: augmented ridge,0,"{'alpha': 10.0, 'boost': 10.0, 'n_pca': None}",True,209,0.00017852782355139187
C: augmented ridge,0,"{'alpha': 10.0, 'boost': 10.0, 'n_pca': 16}",True,76,8.396616173805087e-05
C: augmented ridge,0,"{'alpha': 10.0, 'boost': 10.0, 'n_pca': 64}",True,47,0.0003839123758116674
C: augmented ridge,0,"{'alpha': 100.0, 'boost': 1.0, 'n_pca': None}",True,58,2.8439182089808272e-05
C: augmented ridge,0,"{'alpha': 100.0, 'boost': 1.0, 'n_pca': 16}",True,13,7.94217328694237e-06
C: augmented ridge,0,"{'alpha': 100.0, 'boost': 1.0, 'n_pca': 64}",True,13,6.759133149414183e-05
C: augmented ridge,0,"{'alpha': 100.0, 'boost': 10.0, 'n_pca': None}",True,69,0.0006703032276513799
C: augmented ridge,0,"{'alpha': 100.0, 'boost': 10.0, 'n_pca': 16}",True,17,4.111340936042405e-05
C: augmented ridge,0,"{'alpha': 100.0, 'boost': 10.0, 'n_pca': 64}",True,25,2.278956022949076e-05
C: augmented ridge,0,"{'alpha': 1000.0, 'boost': 1.0, 'n_pca': None}",True,24,1.9986096791157674e-05
C: augmented ridge,0,"{'alpha': 1000.0, 'boost': 1.0, 'n_pca': 16}",True,9,1.467820813961691e-06
C: augmented ridge,0,"{'alpha': 1000.0, 'boost': 1.0, 'n_pca': 64}",True,10,1.2462589051565155e-06
C: augmented ridge,0,"{'alpha': 1000.0, 'boost': 10.0, 'n_pca': None}",True,26,5.198629481608601e-05
C: augmented ridge,0,"{'alpha': 1000.0, 'boost': 10.0, 'n_pca': 16}",True,14,4.94273901429713e-05
C: augmented ridge,0,"{'alpha': 1000.0, 'boost': 10.0, 'n_pca': 64}",True,11,1.3108171568064872e-06
C: augmented ridge,0,"{'alpha': 10000.0, 'boost': 1.0, 'n_pca': None}",True,14,8.628335253541675e-06
C: augmented ridge,0,"{'alpha': 10000.0, 'boost': 1.0, 'n_pca': 16}",True,9,2.676188483703025e-05
C: augmented ridge,0,"{'alpha': 10000.0, 'boost': 1.0, 'n_pca': 64}",True,9,4.032842625865382e-06
C: augmented ridge,0,"{'alpha': 10000.0, 'boost': 10.0, 'n_pca': None}",True,14,3.1308204382140943e-06
C: augmented ridge,0,"{'alpha': 10000.0, 'boost': 10.0, 'n_pca': 16}",True,8,8.326980747581308e-05
C: augmented ridge,0,"{'alpha': 10000.0, 'boost': 10.0, 'n_pca': 64}",True,9,7.646794455607562e-06
C: augmented ridge,1,"{'alpha': 1.0, 'boost': 1.0, 'n_pca': None}",True,519,5.77034507894451e-05
C: augmented ridge,1,"{'alpha': 1.0, 'boost': 1.0, 'n_pca': 16}",True,32,8.893264589572673e-06
C: augmented ridge,1,"{'alpha': 1.0, 'boost': 1.0, 'n_pca': 64}",True,42,2.754915175755461e-05
C: augmented ridge,1,"{'alpha': 1.0, 'boost': 10.0, 'n_pca': None}",True,589,0.0002453468178217885
C: augmented ridge,1,"{'alpha': 1.0, 'boost': 10.0, 'n_pca': 16}",True,77,0.000314296163310043
C: augmented ridge,1,"{'alpha': 1.0, 'boost': 10.0, 'n_pca': 64}",True,102,0.00018491898849082853
C: augmented ridge,1,"{'alpha': 10.0, 'boost': 1.0, 'n_pca': None}",True,185,7.520937243733914e-05
C: augmented ridge,1,"{'alpha': 10.0, 'boost': 1.0, 'n_pca': 16}",True,24,2.0315199999968285e-05
C: augmented ridge,1,"{'alpha': 10.0, 'boost': 1.0, 'n_pca': 64}",True,29,6.582266339865506e-05
C: augmented ridge,1,"{'alpha': 10.0, 'boost': 10.0, 'n_pca': None}",True,214,0.0005438065362738596
C: augmented ridge,1,"{'alpha': 10.0, 'boost': 10.0, 'n_pca': 16}",True,66,8.352767563035407e-05
C: augmented ridge,1,"{'alpha': 10.0, 'boost': 10.0, 'n_pca': 64}",True,68,4.3984992797511604e-05
C: augmented ridge,1,"{'alpha': 100.0, 'boost': 1.0, 'n_pca': None}",True,59,8.654636440196187e-05
C: augmented ridge,1,"{'alpha': 100.0, 'boost': 1.0, 'n_pca': 16}",True,11,1.3713765192560718e-05
C: augmented ridge,1,"{'alpha': 100.0, 'boost': 1.0, 'n_pca': 64}",True,13,3.1438719282772943e-05
C: augmented ridge,1,"{'alpha': 100.0, 'boost': 10.0, 'n_pca': None}",True,69,6.912923082345388e-05
C: augmented ridge,1,"{'alpha': 100.0, 'boost': 10.0, 'n_pca': 16}",True,30,3.12105017572706e-05
C: augmented ridge,1,"{'alpha': 100.0, 'boost': 10.0, 'n_pca': 64}",True,34,8.266043610325758e-05
C: augmented ridge,1,"{'alpha': 1000.0, 'boost': 1.0, 'n_pca': None}",True,25,4.7964546466434844e-05
C: augmented ridge,1,"{'alpha': 1000.0, 'boost': 1.0, 'n_pca': 16}",True,9,4.3251624832152804e-05
C: augmented ridge,1,"{'alpha': 1000.0, 'boost': 1.0, 'n_pca': 64}",True,10,1.5584559660980453e-06
C: augmented ridge,1,"{'alpha': 1000.0, 'boost': 10.0, 'n_pca': None}",True,27,0.0006516245326391339
C: augmented ridge,1,"{'alpha': 1000.0, 'boost': 10.0, 'n_pca': 16}",True,11,1.6716117475822034e-06
C: augmented ridge,1,"{'alpha': 1000.0, 'boost': 10.0, 'n_pca': 64}",True,11,4.046815492172081e-05
C: augmented ridge,1,"{'alpha': 10000.0, 'boost': 1.0, 'n_pca': None}",True,14,8.749247461702348e-06
C: augmented ridge,1,"{'alpha': 10000.0, 'boost': 1.0, 'n_pca': 16}",True,8,5.558905116055759e-05
C: augmented ridge,1,"{'alpha': 10000.0, 'boost': 1.0, 'n_pca': 64}",True,9,3.566556380004018e-06
C: augmented ridge,1,"{'alpha': 10000.0, 'boost': 10.0, 'n_pca': None}",True,14,4.540163096463468e-05
C: augmented ridge,1,"{'alpha': 10000.0, 'boost': 10.0, 'n_pca': 16}",True,12,0.00016991161076599108
C: augmented ridge,1,"{'alpha': 10000.0, 'boost': 10.0, 'n_pca': 64}",True,13,3.2847376736454444e-05
C: augmented ridge,2,"{'alpha': 1.0, 'boost': 1.0, 'n_pca': None}",True,518,5.9692733112197546e-05
C: augmented ridge,2,"{'alpha': 1.0, 'boost': 1.0, 'n_pca': 16}",True,32,1.5897402604977826e-05
C: augmented ridge,2,"{'alpha': 1.0, 'boost': 1.0, 'n_pca': 64}",True,46,2.1859479128516683e-05
C: augmented ridge,2,"{'alpha': 1.0, 'boost': 10.0, 'n_pca': None}",True,576,0.0005560111664985911
C: augmented ridge,2,"{'alpha': 1.0, 'boost': 10.0, 'n_pca': 16}",True,86,0.0005187582518415528
C: augmented ridge,2,"{'alpha': 1.0, 'boost': 10.0, 'n_pca': 64}",True,108,0.0010526349325698534
C: augmented ridge,2,"{'alpha': 10.0, 'boost': 1.0, 'n_pca': None}",True,184,8.686210100317121e-05
C: augmented ridge,2,"{'alpha': 10.0, 'boost': 1.0, 'n_pca': 16}",True,25,1.7953201106855597e-05
C: augmented ridge,2,"{'alpha': 10.0, 'boost': 1.0, 'n_pca': 64}",True,26,9.655562125785356e-05
C: augmented ridge,2,"{'alpha': 10.0, 'boost': 10.0, 'n_pca': None}",True,207,7.0427239764341e-05
C: augmented ridge,2,"{'alpha': 10.0, 'boost': 10.0, 'n_pca': 16}",True,70,0.0005724003735454663
C: augmented ridge,2,"{'alpha': 10.0, 'boost': 10.0, 'n_pca': 64}",True,62,0.0007109717287902554
C: augmented ridge,2,"{'alpha': 100.0, 'boost': 1.0, 'n_pca': None}",True,60,3.0592636066439666e-05
C: augmented ridge,2,"{'alpha': 100.0, 'boost': 1.0, 'n_pca': 16}",True,11,2.6162690108444377e-05
C: augmented ridge,2,"{'alpha': 100.0, 'boost': 1.0, 'n_pca': 64}",True,13,2.1737170076342934e-05
C: augmented ridge,2,"{'alpha': 100.0, 'boost': 10.0, 'n_pca': None}",True,67,0.0006702939592381149
C: augmented ridge,2,"{'alpha': 100.0, 'boost': 10.0, 'n_pca': 16}",True,30,6.8205008942572e-05
C: augmented ridge,2,"{'alpha': 100.0, 'boost': 10.0, 'n_pca': 64}",True,37,3.140677314924689e-05
C: augmented ridge,2,"{'alpha': 1000.0, 'boost': 1.0, 'n_pca': None}",True,24,6.145784974366545e-05
C: augmented ridge,2,"{'alpha': 1000.0, 'boost': 1.0, 'n_pca': 16}",True,10,4.06647768695714e-07
C: augmented ridge,2,"{'alpha': 1000.0, 'boost': 1.0, 'n_pca': 64}",True,10,1.8704854942676351e-06
C: augmented ridge,2,"{'alpha': 1000.0, 'boost': 10.0, 'n_pca': None}",True,26,4.9891127718460096e-05
C: augmented ridge,2,"{'alpha': 1000.0, 'boost': 10.0, 'n_pca': 16}",True,14,2.8032867353322928e-05
C: augmented ridge,2,"{'alpha': 1000.0, 'boost': 10.0, 'n_pca': 64}",True,13,7.182686180285664e-05
C: augmented ridge,2,"{'alpha': 10000.0, 'boost': 1.0, 'n_pca': None}",True,13,2.2096550027266883e-05
C: augmented ridge,2,"{'alpha': 10000.0, 'boost': 1.0, 'n_pca': 16}",True,10,2.177421997699196e-05
C: augmented ridge,2,"{'alpha': 10000.0, 'boost': 1.0, 'n_pca': 64}",True,11,2.7460811307567634e-07
C: augmented ridge,2,"{'alpha': 10000.0, 'boost': 10.0, 'n_pca': None}",True,15,0.00011448139935992721
C: augmented ridge,2,"{'alpha': 10000.0, 'boost': 10.0, 'n_pca': 16}",True,12,6.130292513850678e-05
C: augmented ridge,2,"{'alpha': 10000.0, 'boost': 10.0, 'n_pca': 64}",True,12,3.5992095447348827e-05
C: augmented ridge,3,"{'alpha': 1.0, 'boost': 1.0, 'n_pca': None}",True,551,4.4482399488401444e-05
C: augmented ridge,3,"{'alpha': 1.0, 'boost': 1.0, 'n_pca': 16}",True,32,1.6360984406093898e-05
C: augmented ridge,3,"{'alpha': 1.0, 'boost': 1.0, 'n_pca': 64}",True,40,2.5683398674614915e-05
C: augmented ridge,3,"{'alpha': 1.0, 'boost': 10.0, 'n_pca': None}",True,593,0.00032845811270920596
C: augmented ridge,3,"{'alpha': 1.0, 'boost': 10.0, 'n_pca': 16}",True,72,0.0004020427270770543
C: augmented ridge,3,"{'alpha': 1.0, 'boost': 10.0, 'n_pca': 64}",True,117,0.000495860252164986
C: augmented ridge,3,"{'alpha': 10.0, 'boost': 1.0, 'n_pca': None}",True,183,0.0001539356864103038
C: augmented ridge,3,"{'alpha': 10.0, 'boost': 1.0, 'n_pca': 16}",True,23,1.1909738971758638e-05
C: augmented ridge,3,"{'alpha': 10.0, 'boost': 1.0, 'n_pca': 64}",True,31,2.1505609629438397e-05
C: augmented ridge,3,"{'alpha': 10.0, 'boost': 10.0, 'n_pca': None}",True,208,0.0002757562343414922
C: augmented ridge,3,"{'alpha': 10.0, 'boost': 10.0, 'n_pca': 16}",True,67,0.0007849755253597337
C: augmented ridge,3,"{'alpha': 10.0, 'boost': 10.0, 'n_pca': 64}",True,73,0.0006982674115908415
C: augmented ridge,3,"{'alpha': 100.0, 'boost': 1.0, 'n_pca': None}",True,60,4.291743005608467e-05
C: augmented ridge,3,"{'alpha': 100.0, 'boost': 1.0, 'n_pca': 16}",True,11,2.133376860877905e-05
C: augmented ridge,3,"{'alpha': 100.0, 'boost': 1.0, 'n_pca': 64}",True,12,1.975632131274248e-05
C: augmented ridge,3,"{'alpha': 100.0, 'boost': 10.0, 'n_pca': None}",True,68,4.630724631220975e-05
C: augmented ridge,3,"{'alpha': 100.0, 'boost': 10.0, 'n_pca': 16}",True,32,0.00020430120891536596
C: augmented ridge,3,"{'alpha': 100.0, 'boost': 10.0, 'n_pca': 64}",True,34,0.0003430254826998287
C: augmented ridge,3,"{'alpha': 1000.0, 'boost': 1.0, 'n_pca': None}",True,24,3.3693378464706776e-05
C: augmented ridge,3,"{'alpha': 1000.0, 'boost': 1.0, 'n_pca': 16}",True,9,2.9607240572367253e-05
C: augmented ridge,3,"{'alpha': 1000.0, 'boost': 1.0, 'n_pca': 64}",True,9,4.3029316867744064e-05
C: augmented ridge,3,"{'alpha': 1000.0, 'boost': 10.0, 'n_pca': None}",True,27,5.62510828947572e-05
C: augmented ridge,3,"{'alpha': 1000.0, 'boost': 10.0, 'n_pca': 16}",True,13,7.677354799864845e-06
C: augmented ridge,3,"{'alpha': 1000.0, 'boost': 10.0, 'n_pca': 64}",True,12,0.00014836560270464747
C: augmented ridge,3,"{'alpha': 10000.0, 'boost': 1.0, 'n_pca': None}",True,14,2.2278231438152276e-05
C: augmented ridge,3,"{'alpha': 10000.0, 'boost': 1.0, 'n_pca': 16}",True,10,2.47910086633383e-06
C: augmented ridge,3,"{'alpha': 10000.0, 'boost': 1.0, 'n_pca': 64}",True,11,2.267395540762298e-07
C: augmented ridge,3,"{'alpha': 10000.0, 'boost': 10.0, 'n_pca': None}",True,13,1.8942442012255325e-05
C: augmented ridge,3,"{'alpha': 10000.0, 'boost': 10.0, 'n_pca': 16}",True,12,5.8465016469244835e-05
C: augmented ridge,3,"{'alpha': 10000.0, 'boost': 10.0, 'n_pca': 64}",True,12,2.9100849813244835e-05
C: augmented ridge,4,"{'alpha': 1.0, 'boost': 1.0, 'n_pca': None}",True,516,1.8790934340881948e-05
C: augmented ridge,4,"{'alpha': 1.0, 'boost': 1.0, 'n_pca': 16}",True,34,2.4745637114024923e-05
C: augmented ridge,4,"{'alpha': 1.0, 'boost': 1.0, 'n_pca': 64}",True,41,5.466411458347241e-05
C: augmented ridge,4,"{'alpha': 1.0, 'boost': 10.0, 'n_pca': None}",True,581,0.00039290285108399
C: augmented ridge,4,"{'alpha': 1.0, 'boost': 10.0, 'n_pca': 16}",True,77,0.0005278923228454415
C: augmented ridge,4,"{'alpha': 1.0, 'boost': 10.0, 'n_pca': 64}",True,118,2.819821121525188e-05
C: augmented ridge,4,"{'alpha': 10.0, 'boost': 1.0, 'n_pca': None}",True,186,6.736245369854142e-05
C: augmented ridge,4,"{'alpha': 10.0, 'boost': 1.0, 'n_pca': 16}",True,23,5.218447134134717e-05
C: augmented ridge,4,"{'alpha': 10.0, 'boost': 1.0, 'n_pca': 64}",True,31,5.0611241113295854e-05
C: augmented ridge,4,"{'alpha': 10.0, 'boost': 10.0, 'n_pca': None}",True,208,0.0001724926562525824
C: augmented ridge,4,"{'alpha': 10.0, 'boost': 10.0, 'n_pca': 16}",True,56,0.00012091866014284993
C: augmented ridge,4,"{'alpha': 10.0, 'boost': 10.0, 'n_pca': 64}",True,84,0.00012761638100292053
C: augmented ridge,4,"{'alpha': 100.0, 'boost': 1.0, 'n_pca': None}",True,59,4.3841384629321844e-05
C: augmented ridge,4,"{'alpha': 100.0, 'boost': 1.0, 'n_pca': 16}",True,12,1.1081478386046896e-05
C: augmented ridge,4,"{'alpha': 100.0, 'boost': 1.0, 'n_pca': 64}",True,13,2.1510725931303597e-05
C: augmented ridge,4,"{'alpha': 100.0, 'boost': 10.0, 'n_pca': None}",True,67,0.0005716350031151694
C: augmented ridge,4,"{'alpha': 100.0, 'boost': 10.0, 'n_pca': 16}",True,25,0.0002635516699022174
C: augmented ridge,4,"{'alpha': 100.0, 'boost': 10.0, 'n_pca': 64}",True,34,0.00016669079113852965
C: augmented ridge,4,"{'alpha': 1000.0, 'boost': 1.0, 'n_pca': None}",True,23,5.218549093077415e-05
C: augmented ridge,4,"{'alpha': 1000.0, 'boost': 1.0, 'n_pca': 16}",True,9,1.0213825645857705e-05
C: augmented ridge,4,"{'alpha': 1000.0, 'boost': 1.0, 'n_pca': 64}",True,10,1.534165114262564e-06
C: augmented ridge,4,"{'alpha': 1000.0, 'boost': 10.0, 'n_pca': None}",True,27,4.1933606719585915e-05
C: augmented ridge,4,"{'alpha': 1000.0, 'boost': 10.0, 'n_pca': 16}",True,15,3.105088940116117e-05
C: augmented ridge,4,"{'alpha': 1000.0, 'boost': 10.0, 'n_pca': 64}",True,12,8.205715660625202e-05
C: augmented ridge,4,"{'alpha': 10000.0, 'boost': 1.0, 'n_pca': None}",True,13,3.490325429011002e-05
C: augmented ridge,4,"{'alpha': 10000.0, 'boost': 1.0, 'n_pca': 16}",True,9,9.139890820615966e-06
C: augmented ridge,4,"{'alpha': 10000.0, 'boost': 1.0, 'n_pca': 64}",True,9,1.6982216336526083e-05
C: augmented ridge,4,"{'alpha': 10000.0, 'boost': 10.0, 'n_pca': None}",True,14,1.7998511828470092e-05
C: augmented ridge,4,"{'alpha': 10000.0, 'boost': 10.0, 'n_pca': 16}",True,13,8.228877107978883e-06
C: augmented ridge,4,"{'alpha': 10000.0, 'boost': 10.0, 'n_pca': 64}",True,13,0.00016649496665804514
geometry only: ridge,0,{'alpha': 0.01},True,22,1.4552525606355632e-05
geometry only: ridge,0,{'alpha': 0.1},True,22,1.93690732564701e-05
geometry only: ridge,0,{'alpha': 1.0},True,22,8.414933578198813e-06
geometry only: ridge,0,{'alpha': 10.0},True,20,1.1026109298782069e-05
geometry only: ridge,0,{'alpha': 100.0},True,10,2.4809609739930634e-05
geometry only: ridge,0,{'alpha': 1000.0},True,8,9.116671620287365e-06
geometry only: ridge,1,{'alpha': 0.01},True,25,5.203040576811692e-05
geometry only: ridge,1,{'alpha': 0.1},True,27,3.380747746116998e-05
geometry only: ridge,1,{'alpha': 1.0},True,23,2.423626354888869e-05
geometry only: ridge,1,{'alpha': 10.0},True,21,1.787800714413956e-05
geometry only: ridge,1,{'alpha': 100.0},True,10,9.731967258395341e-06
geometry only: ridge,1,{'alpha': 1000.0},True,8,6.631154746786007e-06
geometry only: ridge,2,{'alpha': 0.01},True,24,1.4936362667502978e-05
geometry only: ridge,2,{'alpha': 0.1},True,25,4.625363704816169e-05
geometry only: ridge,2,{'alpha': 1.0},True,23,4.663195055414921e-06
geometry only: ridge,2,{'alpha': 10.0},True,17,2.5731958883562296e-05
geometry only: ridge,2,{'alpha': 100.0},True,10,2.7859786097234685e-05
geometry only: ridge,2,{'alpha': 1000.0},True,9,4.147454644377768e-06
geometry only: ridge,3,{'alpha': 0.01},True,23,1.4550337989988627e-05
geometry only: ridge,3,{'alpha': 0.1},True,22,7.428201833714513e-05
geometry only: ridge,3,{'alpha': 1.0},True,22,2.858132579991736e-05
geometry only: ridge,3,{'alpha': 10.0},True,20,1.197420530792375e-05
geometry only: ridge,3,{'alpha': 100.0},True,10,2.4322118991580876e-05
geometry only: ridge,3,{'alpha': 1000.0},True,9,1.9915084804944866e-06
geometry only: ridge,4,{'alpha': 0.01},True,22,3.5343315502644277e-06
geometry only: ridge,4,{'alpha': 0.1},True,22,2.824279027643345e-06
geometry only: ridge,4,{'alpha': 1.0},True,23,2.1690444565241656e-05
geometry only: ridge,4,{'alpha': 10.0},True,17,2.372926076259771e-05
geometry only: ridge,4,{'alpha': 100.0},True,11,2.296280678783434e-05
geometry only: ridge,4,{'alpha': 1000.0},True,9,1.5633413625870343e-06
