model,param,grid,n,at_low,at_high,edge_share
location + substitution,alpha,"[0.01, 0.1, 1.0, 10.0, 100.0, 1000.0]",25,1,0,0.04
A: augmented ridge,alpha,"[1.0, 10.0, 100.0, 1000.0, 10000.0]",25,2,0,0.08
A: LightGBM,n_pca,"[8, 16, 32, 64]",75,0,61,0.81
A: LightGBM,n_estimators,"[25, 50, 100, 200, 300, 500]",75,0,53,0.71
B: augmented ridge,alpha,"[1.0, 10.0, 100.0, 1000.0, 10000.0]",25,2,0,0.08
B: LightGBM,n_pca,"[8, 16, 32, 64]",75,3,40,0.57
B: LightGBM,n_estimators,"[25, 50, 100, 200, 300, 500]",75,0,30,0.4
C: augmented ridge,alpha,"[1.0, 10.0, 100.0, 1000.0, 10000.0]",25,3,0,0.12
C: LightGBM,n_pca,"[8, 16, 32, 64]",75,8,24,0.43
C: LightGBM,n_estimators,"[25, 50, 100, 200, 300, 500]",75,0,12,0.16
geometry only: ridge,alpha,"[0.01, 0.1, 1.0, 10.0, 100.0, 1000.0]",25,8,0,0.32
geometry only: LightGBM,n_estimators,"[25, 50, 100, 200, 300, 500]",75,0,1,0.01
