,,,per_complex_spearman,per_complex_spearman,per_complex_spearman,per_complex_spearman,pooled_pearson,pooled_pearson,pooled_pearson,pooled_pearson,rmse,rmse,rmse,rmse,n_runs
,,,mean,std,min,max,mean,std,min,max,mean,std,min,max,
model,loss,weighting,,,,,,,,,,,,,
location + substitution,huber,none,0.3422,0.0114,0.3225,0.3514,0.284,0.0352,0.2415,0.3281,1.5284,0.0503,1.4687,1.585,5
A: augmented ridge,huber,none,0.1697,0.0444,0.1147,0.2098,0.3107,0.0495,0.2586,0.3823,1.4945,0.033,1.4473,1.5306,5
A: LightGBM,huber,none,0.2966,0.035,0.2368,0.3396,0.3988,0.0583,0.3218,0.484,1.4139,0.0406,1.3502,1.4668,15
B: augmented ridge,huber,none,0.2199,0.0534,0.1533,0.2667,0.3079,0.03,0.2679,0.3384,1.487,0.0214,1.4723,1.5236,5
B: LightGBM,huber,none,0.3354,0.0277,0.2993,0.394,0.4314,0.0235,0.3977,0.4767,1.3945,0.0195,1.3563,1.4222,15
C: augmented ridge,huber,none,0.4602,0.0174,0.4399,0.4812,0.4569,0.0276,0.4232,0.4896,1.3795,0.0189,1.3585,1.4025,5
C: LightGBM,huber,none,0.4251,0.021,0.389,0.4597,0.459,0.0269,0.4113,0.4973,1.3715,0.0208,1.3388,1.4069,15
geometry only: ridge,huber,none,0.4358,0.0057,0.4285,0.4434,0.4473,0.0139,0.4274,0.4595,1.3828,0.0113,1.3729,1.3994,5
geometry only: LightGBM,huber,none,0.4166,0.0166,0.3871,0.4412,0.4161,0.0171,0.3878,0.4421,1.4117,0.0113,1.3954,1.4344,15
