complex,antigen_group,n_v1,fold_complex,fold_antigen,antigen_seen
1AHW_AB_C,tissue_factor,8,3,3,False
1BJ1_HL_VW,VEGF,10,4,4,False
1CZ8_HL_VW,VEGF,0,4,4,False
1DQJ_AB_C,lysozyme,21,4,0,True
1DVF_AB_CD,anti_idiotype,25,0,2,False
1JRH_LH_I,IFNg_receptor,43,4,4,False
1KIP_AB_C,lysozyme,1,0,0,True
1KIQ_AB_C,lysozyme,1,4,0,True
1KIR_AB_C,lysozyme,1,3,0,True
1MHP_HL_A,integrin_alpha1,49,2,1,True
1MLC_AB_E,lysozyme,11,4,0,True
1N8Z_AB_C,HER2,12,3,3,True
1NCA_N_LH,neuraminidase_N9,4,1,2,True
1NMB_N_LH,neuraminidase_N9,8,3,2,True
1VFB_AB_C,lysozyme,45,0,0,True
1XGP_AB_C,lysozyme,4,2,0,True
1XGQ_AB_C,lysozyme,4,0,0,True
1XGR_AB_C,lysozyme,4,3,0,True
1XGT_AB_C,lysozyme,4,2,0,True
1XGU_AB_C,lysozyme,4,4,0,True
1YQV_HL_Y,lysozyme,1,3,0,True
1YY9_CD_A,EGFR,16,0,3,True
2B2X_HL_A,integrin_alpha1,3,3,1,True
2BDN_HL_A,MCP-1,12,4,1,False
2JEL_LH_P,HPr,40,3,3,False
2NY7_HL_G,gp120,0,2,1,True
2NYY_DC_A,BoNT_A1,30,2,4,True
2NZ9_DC_A,BoNT_A1,19,4,4,True
2VIR_AB_C,hemagglutinin,2,4,2,True
2VIS_AB_C,hemagglutinin,1,1,2,True
3BDY_HL_V,VEGF,0,4,4,False
3BE1_HL_A,HER2,0,3,3,True
3BN9_B_CD,MT-SP1,33,3,2,True
3G6D_LH_A,IL-13,2,2,4,True
3HFM_HL_Y,lysozyme,71,1,0,True
3IDX_HL_G,gp120,0,2,1,True
3L5X_A_HL,IL-13,1,1,4,True
3LZF_AB_HL,hemagglutinin,2,3,2,True
3N85_A_LH,HER2,9,2,3,True
3NGB_HL_G,gp120,41,2,1,True
3NPS_A_BC,MT-SP1,27,1,2,True
3SE8_HL_G,gp120,28,0,1,True
3SE9_HL_G,gp120,25,3,1,True
3W2D_A_HL,SEB,4,4,4,False
4GXU_ABCDEF_MN,hemagglutinin,2,0,2,True
4I77_HL_Z,IL-13,0,2,4,True
4JPK_HL_A,gp120,8,4,1,True
4KRL_A_B,EGFR,1,2,3,True
4KRO_A_B,EGFR,0,0,3,True
4KRP_A_B,EGFR,0,0,3,True
4NM8_ABCDEF_HL,hemagglutinin,9,1,2,True
4U6H_AB_E,vaccinia_L1,2,1,1,False
4ZS6_HL_A,MERS_spike,2,2,3,False
5C6T_HL_A,HCMV_gB,18,1,2,False
5DWU_HL_AB,cytokine_receptor_beta_c,0,0,1,False
