complex,Mutation(s)_cleaned,fold_within
1AHW_AB_C,YC146A,2
1AHW_AB_C,TC156A,2
1AHW_AB_C,TC159A,1
1AHW_AB_C,LC165A,3
1AHW_AB_C,DC167A,0
1AHW_AB_C,TC186A,1
1AHW_AB_C,VC187A,0
1AHW_AB_C,NC188A,4
1DVF_AB_CD,HA30A,1
1DVF_AB_CD,YA32A,4
1DVF_AB_CD,YA49A,2
1DVF_AB_CD,YA50A,1
1DVF_AB_CD,WA92A,1
1DVF_AB_CD,SA93A,4
1DVF_AB_CD,TB30A,0
1DVF_AB_CD,YB32A,3
1DVF_AB_CD,WB52A,3
1DVF_AB_CD,DB54A,4
1DVF_AB_CD,NB56A,0
1DVF_AB_CD,DB58A,2
1DVF_AB_CD,EB98A,3
1DVF_AB_CD,RB99A,2
1DVF_AB_CD,DB100A,0
1DVF_AB_CD,YB101F,3
1DVF_AB_CD,YD102A,0
1DVF_AB_CD,YC49A,2
1DVF_AB_CD,QD104A,0
1DVF_AB_CD,ND55A,4
1DVF_AB_CD,RD106A,1
1DVF_AB_CD,KD30A,2
1DVF_AB_CD,HD33A,4
1DVF_AB_CD,DD52A,3
1DVF_AB_CD,ID101A,1
1VFB_AB_C,HA30A,4
1VFB_AB_C,YA32A,1
1VFB_AB_C,YA49A,4
1VFB_AB_C,YA50A,2
1VFB_AB_C,WA92A,4
1VFB_AB_C,SA93A,1
1VFB_AB_C,TB30A,1
1VFB_AB_C,YB32A,3
1VFB_AB_C,WB52A,3
1VFB_AB_C,DB54A,4
1VFB_AB_C,NB56A,0
1VFB_AB_C,DB58A,2
1VFB_AB_C,EB98A,3
1VFB_AB_C,RB99A,1
1VFB_AB_C,DB100A,1
1VFB_AB_C,YB101F,3
1VFB_AB_C,SB28N,2
1VFB_AB_C,SB28Q,3
1VFB_AB_C,SB28D,1
1VFB_AB_C,SB28E,0
1VFB_AB_C,GB31A,0
1VFB_AB_C,GB31E,4
1VFB_AB_C,GB31W,0
1VFB_AB_C,YB32E,4
1VFB_AB_C,DB58N,0
1VFB_AB_C,DB58E,0
1VFB_AB_C,RB99Y,1
1VFB_AB_C,RB99W,4
1VFB_AB_C,NA31W,0
1VFB_AB_C,YA50R,0
1VFB_AB_C,YA50K,3
1VFB_AB_C,TA52F,4
1VFB_AB_C,TA53R,2
2VIS_AB_C,IC89T,2
2VIR_AB_C,SC115L,1
2VIR_AB_C,TC89I,0
1KIQ_AB_C,FB101Y,3
1KIP_AB_C,AB32Y,2
1KIR_AB_C,SA50Y,4
2JEL_LH_P,FP2Y,3
2JEL_LH_P,FP2W,3
2JEL_LH_P,QP3K,3
2JEL_LH_P,QP4K,3
2JEL_LH_P,EP5D,4
2JEL_LH_P,EP5Q,0
2JEL_LH_P,VP6F,1
2JEL_LH_P,TP7N,2
2JEL_LH_P,TP7S,1
2JEL_LH_P,PP11E,4
2JEL_LH_P,NP12D,0
2JEL_LH_P,RP17G,4
2JEL_LH_P,RP17K,1
2JEL_LH_P,KP24E,0
2JEL_LH_P,KP27E,1
2JEL_LH_P,TP34Q,2
2JEL_LH_P,TP36Q,0
2JEL_LH_P,NP38T,4
2JEL_LH_P,SP41C,2
2JEL_LH_P,SP43C,3
2JEL_LH_P,SP46C,1
2JEL_LH_P,QP57E,3
2JEL_LH_P,TP62N,2
2JEL_LH_P,TP62A,4
2JEL_LH_P,SP64T,2
2JEL_LH_P,EP68A,0
2JEL_LH_P,DP69E,3
2JEL_LH_P,QP71E,4
2JEL_LH_P,KP72R,1
2JEL_LH_P,KP72E,0
2JEL_LH_P,EP75R,0
2JEL_LH_P,HP76D,1
2JEL_LH_P,HP76A,2
2JEL_LH_P,KP79E,1
2JEL_LH_P,AP82S,0
2JEL_LH_P,EP83A,2
2JEL_LH_P,EP85Q,4
2JEL_LH_P,EP85D,2
2JEL_LH_P,EP85A,4
2JEL_LH_P,EP85K,3
1NCA_N_LH,NH31Q,3
1NCA_N_LH,EH100D,0
1NCA_N_LH,DH101K,4
1NCA_N_LH,NH102Q,2
3BN9_B_CD,QB23A,4
3BN9_B_CD,IB26A,3
3BN9_B_CD,IB45A,1
3BN9_B_CD,DB46A,3
3BN9_B_CD,DB47A,0
3BN9_B_CD,RB48A,4
3BN9_B_CD,FB50A,1
3BN9_B_CD,RB51A,2
3BN9_B_CD,YB52A,2
3BN9_B_CD,RB82A,4
3BN9_B_CD,FB89A,3
3BN9_B_CD,NB90A,0
3BN9_B_CD,TB93A,1
3BN9_B_CD,HB138A,0
3BN9_B_CD,QB140A,2
3BN9_B_CD,YB141A,4
3BN9_B_CD,TB144A,2
3BN9_B_CD,LB147A,4
3BN9_B_CD,EB163A,4
3BN9_B_CD,QB168A,0
3BN9_B_CD,QB169A,0
3BN9_B_CD,DB214A,4
3BN9_B_CD,QB218A,3
3BN9_B_CD,RB219A,2
3BN9_B_CD,KB221A,1
3BN9_B_CD,TD28R,0
3BN9_B_CD,SD30G,3
3BN9_B_CD,SD30N,2
3BN9_B_CD,TD102Q,0
3BN9_B_CD,TD102R,1
3BN9_B_CD,YD103S,1
3BN9_B_CD,PD104H,3
3BN9_B_CD,QD105V,3
3NPS_A_BC,QA23A,0
3NPS_A_BC,IA26A,0
3NPS_A_BC,IA45A,2
3NPS_A_BC,DA46A,2
3NPS_A_BC,DA47A,4
3NPS_A_BC,RA48A,3
3NPS_A_BC,FA50A,2
3NPS_A_BC,RA51A,1
3NPS_A_BC,YA52A,1
3NPS_A_BC,RA82A,2
3NPS_A_BC,FA89A,4
3NPS_A_BC,NA90A,1
3NPS_A_BC,DA91A,4
3NPS_A_BC,FA92A,3
3NPS_A_BC,TA93A,0
3NPS_A_BC,HA138A,0
3NPS_A_BC,QA140A,4
3NPS_A_BC,YA141A,2
3NPS_A_BC,TA144A,3
3NPS_A_BC,LA147A,4
3NPS_A_BC,EA163A,1
3NPS_A_BC,QA168A,2
3NPS_A_BC,QA169A,3
3NPS_A_BC,DA214A,3
3NPS_A_BC,QA218A,0
3NPS_A_BC,RA219A,1
3NPS_A_BC,KA221A,3
1DQJ_AB_C,YC20A,4
1DQJ_AB_C,RC21A,1
1DQJ_AB_C,WC63A,1
1DQJ_AB_C,KC97A,3
1DQJ_AB_C,DC101A,3
1DQJ_AB_C,WC62A,0
1DQJ_AB_C,LC75A,3
1DQJ_AB_C,TC89A,3
1DQJ_AB_C,NC93A,1
1DQJ_AB_C,KC96A,4
1DQJ_AB_C,SC100A,1
1DQJ_AB_C,NA31A,0
1DQJ_AB_C,NA32A,3
1DQJ_AB_C,YA50A,4
1DQJ_AB_C,SA91A,2
1DQJ_AB_C,YA96A,2
1DQJ_AB_C,DB32A,0
1DQJ_AB_C,YB33A,2
1DQJ_AB_C,YB50A,0
1DQJ_AB_C,YB53A,2
1DQJ_AB_C,WB98A,4
1JRH_LH_I,TI4V,4
1JRH_LH_I,EI35Q,3
1JRH_LH_I,EL27A,3
1JRH_LH_I,DL28A,4
1JRH_LH_I,YL30A,4
1JRH_LH_I,YL91A,2
1JRH_LH_I,WL92A,1
1JRH_LH_I,SL93A,0
1JRH_LH_I,TL94A,2
1JRH_LH_I,WL95A,2
1JRH_LH_I,YH32A,1
1JRH_LH_I,WH54A,2
1JRH_LH_I,WH55A,1
1JRH_LH_I,DH56A,1
1JRH_LH_I,DH57A,4
1JRH_LH_I,DH58A,1
1JRH_LH_I,YH60A,2
1JRH_LH_I,RH100A,4
1JRH_LH_I,FH103A,3
1JRH_LH_I,YH104A,0
1JRH_LH_I,HH107A,4
1JRH_LH_I,EI45P,1
1JRH_LH_I,KI37A,3
1JRH_LH_I,KI37M,1
1JRH_LH_I,NI38A,0
1JRH_LH_I,NI38Q,4
1JRH_LH_I,YI39A,3
1JRH_LH_I,YI39F,0
1JRH_LH_I,GI40A,2
1JRH_LH_I,VI41A,1
1JRH_LH_I,KI42A,4
1JRH_LH_I,KI42M,0
1JRH_LH_I,NI43A,3
1JRH_LH_I,SI44A,0
1JRH_LH_I,EI45A,3
1JRH_LH_I,WI46F,4
1JRH_LH_I,WI46Y,0
1JRH_LH_I,NI69A,0
1JRH_LH_I,WI72A,3
1JRH_LH_I,WI72F,1
1JRH_LH_I,WI72Y,0
1JRH_LH_I,RI74A,2
1JRH_LH_I,KI88A,2
1NMB_N_LH,DH57N,3
1NMB_N_LH,DH57E,3
1NMB_N_LH,YH103A,1
1NMB_N_LH,YH105F,4
1NMB_N_LH,YL32F,1
1NMB_N_LH,TL93F,2
1NMB_N_LH,TL93W,0
1NMB_N_LH,LL94V,2
1VFB_AB_C,DC18A,3
1VFB_AB_C,NC19A,1
1VFB_AB_C,YC23A,2
1VFB_AB_C,SC24A,2
1VFB_AB_C,KC116A,2
1VFB_AB_C,TC118A,2
1VFB_AB_C,DC119A,3
1VFB_AB_C,VC120A,3
1VFB_AB_C,QC121A,4
1VFB_AB_C,IC124A,1
1VFB_AB_C,RC125A,2
1VFB_AB_C,LC129A,0
3HFM_HL_Y,YY20A,1
3HFM_HL_Y,NL32A,4
3HFM_HL_Y,KY96A,2
3HFM_HL_Y,NL31A,1
3HFM_HL_Y,NL31D,1
3HFM_HL_Y,NL31E,0
3HFM_HL_Y,YL50A,3
3HFM_HL_Y,YL50L,2
3HFM_HL_Y,YL50F,3
3HFM_HL_Y,KY97A,4
3HFM_HL_Y,YH33A,3
3HFM_HL_Y,WH98F,1
3HFM_HL_Y,WH98A,2
3HFM_HL_Y,DH32A,4
3HFM_HL_Y,DH32N,4
3HFM_HL_Y,KY97M,2
3HFM_HL_Y,RY21A,4
3HFM_HL_Y,SH31A,2
3HFM_HL_Y,YH50A,0
3HFM_HL_Y,QL53A,1
3HFM_HL_Y,YL96A,2
3HFM_HL_Y,YL96F,4
3HFM_HL_Y,YH53W,1
3HFM_HL_Y,YH53F,3
3HFM_HL_Y,YH53L,3
3HFM_HL_Y,YH53A,4
3HFM_HL_Y,YH33W,0
3HFM_HL_Y,YH33F,3
3HFM_HL_Y,YH33L,2
3HFM_HL_Y,YH50F,4
3HFM_HL_Y,YH50L,0
3HFM_HL_Y,YH58F,2
3HFM_HL_Y,YH58L,4
3HFM_HL_Y,YH58A,2
3HFM_HL_Y,DY101G,3
3HFM_HL_Y,DY101A,0
3HFM_HL_Y,DY101N,4
3HFM_HL_Y,DY101S,1
3HFM_HL_Y,DY101Q,3
3HFM_HL_Y,DY101R,0
3HFM_HL_Y,DY101E,4
3HFM_HL_Y,DY101F,4
3HFM_HL_Y,DY101K,4
3HFM_HL_Y,RY21W,3
3HFM_HL_Y,RY21Q,0
3HFM_HL_Y,RY21E,2
3HFM_HL_Y,RY21G,1
3HFM_HL_Y,RY21N,3
3HFM_HL_Y,RY21H,1
3HFM_HL_Y,RY21K,3
3HFM_HL_Y,NY19K,2
3HFM_HL_Y,NY19Q,1
3HFM_HL_Y,NY19D,0
3HFM_HL_Y,GY102V,3
3HFM_HL_Y,RY21M,1
3HFM_HL_Y,KY97G,3
3HFM_HL_Y,KY97D,2
3HFM_HL_Y,KY97E,1
3HFM_HL_Y,KY97R,4
3HFM_HL_Y,YY20F,1
3HFM_HL_Y,KY96M,0
3HFM_HL_Y,HY15A,2
3HFM_HL_Y,WY63A,0
3HFM_HL_Y,RY73A,0
3HFM_HL_Y,LY75A,0
3HFM_HL_Y,TY89A,2
3HFM_HL_Y,NY93A,3
3HFM_HL_Y,IY98A,0
3HFM_HL_Y,SY100A,3
3HFM_HL_Y,YY20L,0
3HFM_HL_Y,KY96R,1
1YY9_CD_A,LD29P,2
1YY9_CD_A,WD52P,4
1YY9_CD_A,SD53P,0
1YY9_CD_A,GD54P,3
1YY9_CD_A,AD98P,2
1YY9_CD_A,YD101P,3
1YY9_CD_A,AC25P,1
1YY9_CD_A,SC26P,0
1YY9_CD_A,SC28P,3
1YY9_CD_A,SC54P,1
1YY9_CD_A,TC96P,4
4GXU_ABCDEF_MN,DA189E,2
4GXU_ABCDEF_MN,DA224G,1
3LZF_AB_HL,DA187E,1
3LZF_AB_HL,DA222G,0
1N8Z_AB_C,LC509A,4
1N8Z_AB_C,SC535A,4
1N8Z_AB_C,VC536A,2
1N8Z_AB_C,FC539A,1
3G6D_LH_A,HH104A,1
3G6D_LH_A,WH105A,2
1XGU_AB_C,FB33L,1
1XGU_AB_C,FB33I,0
1XGU_AB_C,FB33V,2
1XGU_AB_C,FB33A,3
1XGP_AB_C,AB33F,4
1XGP_AB_C,AB33L,0
1XGP_AB_C,AB33I,1
1XGP_AB_C,AB33V,2
1XGQ_AB_C,VB33F,0
1XGQ_AB_C,VB33L,3
1XGQ_AB_C,VB33I,1
1XGQ_AB_C,VB33A,4
1XGR_AB_C,IB33F,4
1XGR_AB_C,IB33L,3
1XGR_AB_C,IB33V,0
1XGR_AB_C,IB33A,2
1XGT_AB_C,LB33F,1
1XGT_AB_C,LB33I,3
1XGT_AB_C,LB33V,4
1XGT_AB_C,LB33A,2
3N85_A_LH,WL91F,0
3N85_A_LH,WL94Y,0
3N85_A_LH,WH30K,3
3N85_A_LH,WH30R,4
3N85_A_LH,SH32Y,3
3N85_A_LH,SH32A,4
3N85_A_LH,SH50G,2
3N85_A_LH,SH52Y,2
3N85_A_LH,WH100F,1
3L5X_A_HL,YL94A,4
4JPK_HL_A,VA30N,1
4JPK_HL_A,SA41G,4
4JPK_HL_A,FA63L,4
4JPK_HL_A,RA81T,0
4JPK_HL_A,RA130K,3
4JPK_HL_A,FA144I,3
4JPK_HL_A,TA35S,0
4JPK_HL_A,DA141R,2
1BJ1_HL_VW,YH27A,4
1BJ1_HL_VW,YH54A,4
1BJ1_HL_VW,TH59A,0
1BJ1_HL_VW,YH99A,1
1BJ1_HL_VW,HH107A,2
1BJ1_HL_VW,YH54W,3
1BJ1_HL_VW,TH28D,2
1BJ1_HL_VW,NH31H,1
1BJ1_HL_VW,HH101Y,0
1BJ1_HL_VW,SH105T,3
1MHP_HL_A,SL27Q,1
1MHP_HL_A,LL48K,1
1MHP_HL_A,TH50V,3
1MHP_HL_A,LH60D,4
1MHP_HL_A,KH64E,4
1MHP_HL_A,KH64Q,0
1MHP_HL_A,KH64D,3
1MHP_HL_A,KH64N,1
1MHP_HL_A,NL51Y,3
1MHP_HL_A,GH100M,0
1MHP_HL_A,SL23R,1
1MHP_HL_A,NL51E,3
1MHP_HL_A,FH99W,3
1MHP_HL_A,GH100F,0
1MHP_HL_A,GH54Y,1
1MHP_HL_A,NL29V,0
1MHP_HL_A,HL30R,3
1MHP_HL_A,HL30K,2
1MHP_HL_A,NL51R,4
1MHP_HL_A,NL51K,4
1MHP_HL_A,RH31Q,4
1MHP_HL_A,SH35Q,4
1MHP_HL_A,YH59E,0
1MHP_HL_A,NL29Y,0
1MHP_HL_A,NL29W,2
1MHP_HL_A,SL90T,1
1MHP_HL_A,GL91Q,2
1MHP_HL_A,GL91S,2
1MHP_HL_A,SH52M,2
1MHP_HL_A,GH53S,4
1MHP_HL_A,GH53A,3
1MHP_HL_A,GH54I,1
1MHP_HL_A,GH54T,2
1MHP_HL_A,YH58Q,0
1MHP_HL_A,YH58E,1
1MHP_HL_A,YH58W,0
1MHP_HL_A,LL48F,4
1MHP_HL_A,LL48W,3
1MHP_HL_A,NL51D,2
1MHP_HL_A,WL89Q,1
1MHP_HL_A,SL90Q,2
1MHP_HL_A,TH33V,2
1MHP_HL_A,TH33N,0
1MHP_HL_A,SH35A,3
1MHP_HL_A,FH99Y,1
1MHP_HL_A,GH100L,2
1MHP_HL_A,GH100S,4
1MHP_HL_A,HL30W,0
1MHP_HL_A,GH53N,3
2B2X_HL_A,EH64K,1
2B2X_HL_A,VH50T,2
2B2X_HL_A,YL52E,3
1MLC_AB_E,NA32G,4
1MLC_AB_E,NA92A,3
1MLC_AB_E,TB28D,3
1MLC_AB_E,TB31A,1
1MLC_AB_E,TB31V,4
1MLC_AB_E,SB57A,0
1MLC_AB_E,SB57V,2
1MLC_AB_E,TB58D,4
1MLC_AB_E,KB65D,0
1MLC_AB_E,NA32Y,2
1MLC_AB_E,TB31W,1
1YY9_CD_A,SC26D,2
1YY9_CD_A,TC31E,0
1YY9_CD_A,NC93A,0
1YY9_CD_A,ND56A,4
1YY9_CD_A,TD61E,1
1N8Z_AB_C,NA30S,0
1N8Z_AB_C,HA91F,1
1N8Z_AB_C,TA94S,2
1N8Z_AB_C,DB102W,0
1N8Z_AB_C,YB105F,1
1N8Z_AB_C,YB109V,3
1N8Z_AB_C,RB50A,3
1N8Z_AB_C,RB59A,0
2NYY_DC_A,SA874A,0
2NYY_DC_A,KA875A,1
2NYY_DC_A,QA887A,3
2NYY_DC_A,FA889A,2
2NYY_DC_A,NA890A,1
2NYY_DC_A,LA891A,0
2NYY_DC_A,EA892A,2
2NYY_DC_A,KA895A,1
2NYY_DC_A,FA925A,2
2NYY_DC_A,NA926A,0
2NYY_DC_A,SA927A,4
2NYY_DC_A,IA928A,4
2NYY_DC_A,KA1028A,3
2NYY_DC_A,DA1030A,0
2NYY_DC_A,RA1033A,3
2NYY_DC_A,DA1034A,0
2NYY_DC_A,TA1035A,4
2NYY_DC_A,HA1036A,3
2NYY_DC_A,RA1266A,1
2NZ9_DC_A,SA874A,1
2NZ9_DC_A,KA875A,1
2NZ9_DC_A,QA887A,2
2NZ9_DC_A,FA889A,3
2NZ9_DC_A,NA890A,4
2NZ9_DC_A,LA891A,2
2NZ9_DC_A,EA892A,0
2NZ9_DC_A,KA895A,3
2NZ9_DC_A,FA925A,4
2NZ9_DC_A,NA926A,0
2NZ9_DC_A,SA927A,4
2NZ9_DC_A,IA928A,4
2NZ9_DC_A,KA1028A,2
2NZ9_DC_A,DA1030A,1
2NZ9_DC_A,RA1033A,0
2NZ9_DC_A,DA1034A,3
2NZ9_DC_A,TA1035A,2
2NZ9_DC_A,HA1036A,3
2NZ9_DC_A,RA1266A,1
2NYY_DC_A,MD33Q,2
2NYY_DC_A,KD29R,4
2NYY_DC_A,YD30D,2
2NYY_DC_A,YD30Q,0
2NYY_DC_A,YD56Q,4
2NYY_DC_A,SC28Q,2
2NYY_DC_A,DC30Y,1
2NYY_DC_A,SC31N,1
2NYY_DC_A,HC34R,4
2NYY_DC_A,VD36I,3
2NYY_DC_A,ED5Q,3
3NGB_HL_G,TH33Y,2
3NGB_HL_G,GH55S,0
3NGB_HL_G,AH57G,4
3NGB_HL_G,VH58T,3
3NGB_HL_G,PH63K,1
3NGB_HL_G,VH74T,0
3NGB_HL_G,YH75S,1
3NGB_HL_G,IH30T,2
3NGB_HL_G,KH52N,1
3NGB_HL_G,RH54N,4
3NGB_HL_G,RH62Q,2
3NGB_HL_G,YL26S,2
2BDN_HL_A,LH27R,4
2BDN_HL_A,LH27K,0
2BDN_HL_A,NH28D,3
2BDN_HL_A,NH28Q,2
2BDN_HL_A,DH31E,4
2BDN_HL_A,YL30K,1
2BDN_HL_A,NL31R,3
2BDN_HL_A,NL31K,1
2BDN_HL_A,SL53D,2
2BDN_HL_A,SL53E,0
2BDN_HL_A,TL56D,4
2BDN_HL_A,TL56E,0
3W2D_A_HL,YA45F,3
3W2D_A_HL,YA45L,4
3W2D_A_HL,KA67R,0
3W2D_A_HL,KA67N,2
4KRL_A_B,DB112A,1
4NM8_ABCDEF_HL,IB18M,2
4NM8_ABCDEF_HL,DB19N,0
4NM8_ABCDEF_HL,RB25M,3
4NM8_ABCDEF_HL,TB32E,1
4NM8_ABCDEF_HL,TB32I,3
4NM8_ABCDEF_HL,TB32R,4
4NM8_ABCDEF_HL,QB34T,4
4NM8_ABCDEF_HL,QB34R,0
4NM8_ABCDEF_HL,LB38Y,2
4U6H_AB_E,NE21A,2
4U6H_AB_E,QE25A,1
4ZS6_HL_A,YA160A,4
4ZS6_HL_A,EA156A,3
5C6T_HL_A,YA182A,1
5C6T_HL_A,NA183A,3
5C6T_HL_A,TA185A,4
5C6T_HL_A,NA186A,3
5C6T_HL_A,NA188A,0
5C6T_HL_A,FA192A,0
5C6T_HL_A,EA194A,2
5C6T_HL_A,FA199A,1
5C6T_HL_A,FA200A,3
5C6T_HL_A,IA201A,4
5C6T_HL_A,RH31S,0
5C6T_HL_A,SH32A,0
5C6T_HL_A,NH97A,2
5C6T_HL_A,YH98A,2
5C6T_HL_A,FH99A,1
5C6T_HL_A,YH104A,4
5C6T_HL_A,YL47A,2
5C6T_HL_A,RL48A,1
3NGB_HL_G,IH30A,0
3NGB_HL_G,TH33A,0
3NGB_HL_G,WH47A,1
3NGB_HL_G,WH50A,4
3NGB_HL_G,KH52A,3
3NGB_HL_G,RH54A,1
3NGB_HL_G,GH55A,1
3NGB_HL_G,GH56A,2
3NGB_HL_G,VH58A,3
3NGB_HL_G,NH59A,2
3NGB_HL_G,YH60A,3
3NGB_HL_G,RH62A,1
3NGB_HL_G,PH63A,0
3NGB_HL_G,QH65A,0
3NGB_HL_G,MH70A,3
3NGB_HL_G,RH72A,0
3NGB_HL_G,VH74A,3
3NGB_HL_G,YH75A,0
3NGB_HL_G,DH103A,1
3NGB_HL_G,YH104A,4
3NGB_HL_G,NH105A,4
3NGB_HL_G,WH106A,2
3NGB_HL_G,VL1A,4
3NGB_HL_G,QL25A,3
3NGB_HL_G,YL26A,1
3NGB_HL_G,SL28A,4
3NGB_HL_G,YL87A,4
3NGB_HL_G,EL88A,3
3NGB_HL_G,FL89A,2
3SE8_HL_G,RH30A,1
3SE8_HL_G,WH47A,2
3SE8_HL_G,WH50A,0
3SE8_HL_G,KH52A,4
3SE8_HL_G,LH54A,2
3SE8_HL_G,WH55A,0
3SE8_HL_G,GH56A,0
3SE8_HL_G,VH58A,0
3SE8_HL_G,SH59A,1
3SE8_HL_G,YH60A,4
3SE8_HL_G,RH62A,0
3SE8_HL_G,QH63A,3
3SE8_HL_G,QH65A,4
3SE8_HL_G,RH72A,1
3SE8_HL_G,QH76A,4
3SE8_HL_G,PH78A,3
3SE8_HL_G,PH81A,3
3SE8_HL_G,DH110A,1
3SE8_HL_G,YH111A,2
3SE8_HL_G,DH114A,0
3SE8_HL_G,FH115A,1
3SE8_HL_G,EL1A,4
3SE8_HL_G,QL27A,3
3SE8_HL_G,NL30A,1
3SE8_HL_G,DL49A,3
3SE8_HL_G,FL90A,2
3SE8_HL_G,EL91A,4
3SE8_HL_G,FL92A,2
3SE9_HL_G,LH34A,3
3SE9_HL_G,WH48A,4
3SE9_HL_G,WH51A,4
3SE9_HL_G,VH55A,4
3SE9_HL_G,TH56A,1
3SE9_HL_G,GH57A,0
3SE9_HL_G,VH59A,1
3SE9_HL_G,NH60A,3
3SE9_HL_G,GH62A,2
3SE9_HL_G,PH64A,0
3SE9_HL_G,RH67A,2
3SE9_HL_G,RH74A,2
3SE9_HL_G,RH76A,0
3SE9_HL_G,DH77A,1
3SE9_HL_G,YH104A,0
3SE9_HL_G,TH105A,3
3SE9_HL_G,GH106A,2
3SE9_HL_G,GH107A,3
3SE9_HL_G,GH109A,0
3SE9_HL_G,VL3A,3
3SE9_HL_G,YL28A,4
3SE9_HL_G,GL29A,1
3SE9_HL_G,LL89A,1
3SE9_HL_G,EL90A,2
3SE9_HL_G,FL91A,4
1YQV_HL_Y,RY45K,4
