model,repeat,fraction,draw,train_complexes,train_rows,train_per_complex_spearman,per_complex_spearman,pooled_pearson,rmse
C: augmented ridge,rep0,0.25,0,9.4,108.4,0.7925332287947587,0.42284555525396517,0.3487475310364802,1.4449101973148826
C: augmented ridge,rep0,0.25,1,9.4,168.6,0.7108592433804738,0.40549536521470664,0.42399787548199996,1.4103527453854035
C: augmented ridge,rep0,0.25,2,9.4,121.6,0.7324382342580881,0.4114448973386575,0.40226799254543266,1.4307119805115978
C: augmented ridge,rep0,0.5,0,18.6,276.0,0.6162429659078565,0.4222504333110475,0.44523336977471245,1.3928284452092565
C: augmented ridge,rep0,0.5,1,18.6,229.4,0.6512024346133011,0.41903465004964524,0.4531772136800608,1.419045669320099
C: augmented ridge,rep0,0.5,2,18.6,280.6,0.6251029088015605,0.44754185209964226,0.4511162551544451,1.3998290544372836
C: augmented ridge,rep0,0.75,0,27.4,413.6,0.5807416105681985,0.43202125900576077,0.4789876606251552,1.3664655625974995
C: augmented ridge,rep0,0.75,1,27.4,420.2,0.6164312239867732,0.44903677514256896,0.4690662433960789,1.3628801181721315
C: augmented ridge,rep0,0.75,2,27.4,372.6,0.5740772333511395,0.4444395486706857,0.500369735758741,1.3591550854171277
C: augmented ridge,rep0,1.0,0,36.8,534.4,0.5625273693386719,0.4658106672619097,0.50597416292789,1.3417654743446559
C: augmented ridge,rep1,0.25,0,9.2,129.2,0.7383441742943357,0.3929085208501363,0.4768260949684851,1.3973467704092428
C: augmented ridge,rep1,0.25,1,9.2,130.0,0.7261256959392852,0.43741633418089954,0.4412217048052494,1.4099540111324909
C: augmented ridge,rep1,0.25,2,9.2,110.4,0.7946561678804952,0.40387463567739557,0.3698573445279584,1.4527370184840551
C: augmented ridge,rep1,0.5,0,18.4,202.4,0.6234359532610033,0.4280197786498344,0.424174934640827,1.451381737687781
C: augmented ridge,rep1,0.5,1,18.4,235.6,0.7051488062665265,0.4855770842373673,0.41123595878210845,1.4227907987493245
C: augmented ridge,rep1,0.5,2,18.4,237.2,0.67492937982593,0.4120654088325059,0.4530011542645791,1.3940109589267142
C: augmented ridge,rep1,0.75,0,27.6,414.4,0.5674171989561909,0.4258706658141322,0.4678984357654059,1.3815446255569441
C: augmented ridge,rep1,0.75,1,27.6,413.0,0.5937185981378077,0.4432553520935577,0.4582264372907646,1.377647635718578
C: augmented ridge,rep1,0.75,2,27.6,415.6,0.5812744372927059,0.44919296748497867,0.4704364024820694,1.3722791110465438
C: augmented ridge,rep1,1.0,0,36.8,534.4,0.5553093497017204,0.455370529562532,0.48002120672446275,1.3647624442132036
C: augmented ridge,rep2,0.25,0,9.2,115.2,0.8069114187319244,0.3788224865650555,0.3369928151430007,1.4787670836423867
C: augmented ridge,rep2,0.25,1,9.2,150.0,0.7054929898745702,0.3859601150524211,0.3863955631451286,1.460014675331233
C: augmented ridge,rep2,0.25,2,9.2,119.8,0.8292425447949423,0.4338313809384899,0.36420048090049795,1.4913545222837732
C: augmented ridge,rep2,0.5,0,18.4,242.2,0.6420137436589585,0.4095006989710008,0.37570177231329044,1.4481831745238942
C: augmented ridge,rep2,0.5,1,18.4,294.2,0.5791134803770184,0.4107115573312127,0.4163573820164048,1.4127954734919141
C: augmented ridge,rep2,0.5,2,18.4,258.6,0.5716157667374777,0.4127254166006714,0.4441019335640064,1.4159973512601205
C: augmented ridge,rep2,0.75,0,27.6,425.6,0.5521948002682014,0.45656629880614974,0.49090349517086607,1.3611248018304924
C: augmented ridge,rep2,0.75,1,27.6,401.0,0.5617516154058635,0.4562893495322514,0.4659193207271806,1.3759932313475725
C: augmented ridge,rep2,0.75,2,27.6,409.2,0.5758142123303907,0.44735692813149247,0.4692322940293742,1.3905145401628771
C: augmented ridge,rep2,1.0,0,36.8,534.4,0.5468266740103541,0.4571974261969096,0.491135266758531,1.3578581510923122
C: augmented ridge,rep3,0.25,0,9.2,114.2,0.717175746711882,0.3730628597674345,0.23815786102133385,1.5114411263707166
C: augmented ridge,rep3,0.25,1,9.2,106.6,0.782979801391493,0.3552182697605561,0.22639530935364655,1.5361993610418683
C: augmented ridge,rep3,0.25,2,9.2,119.4,0.7625580828366382,0.31634449710788753,0.35168631715906407,1.4594714807357203
C: augmented ridge,rep3,0.5,0,18.4,276.8,0.6319434781892105,0.45368923606434625,0.48259353417788575,1.3589683776184245
C: augmented ridge,rep3,0.5,1,18.4,308.6,0.5465014052862921,0.4741664161822522,0.49544183044829,1.3508688408296183
C: augmented ridge,rep3,0.5,2,18.4,280.4,0.6222863043417832,0.44603636431767535,0.35867399533685007,1.4496038902962503
C: augmented ridge,rep3,0.75,0,27.6,382.0,0.5556046791294253,0.48361788810234996,0.41139009437964014,1.4149082830354585
C: augmented ridge,rep3,0.75,1,27.6,397.4,0.5902433824953959,0.47391991318405025,0.41659516504938515,1.4132420177295315
C: augmented ridge,rep3,0.75,2,27.6,397.2,0.5605624610932952,0.47019376211185443,0.4629848615068581,1.3709936114557146
C: augmented ridge,rep3,1.0,0,36.8,534.4,0.5484054438922972,0.4588376743606766,0.4835346879326032,1.3593155234557524
C: augmented ridge,rep4,0.25,0,9.2,129.4,0.7565038116242426,0.38255716122274286,0.2334034556504356,1.5378713822606898
C: augmented ridge,rep4,0.25,1,9.2,133.4,0.6940781779724439,0.4629827000060674,0.39028085392026246,1.4562707940592035
C: augmented ridge,rep4,0.25,2,9.2,150.4,0.707550532094706,0.3726603601428766,0.3163009629314066,1.4732343955043226
C: augmented ridge,rep4,0.5,0,18.4,295.6,0.5552915593472598,0.43684794274893707,0.44493925492540193,1.4069539377579487
C: augmented ridge,rep4,0.5,1,18.4,237.6,0.6187074575107671,0.42630666388277955,0.5281375297293877,1.3579538693272772
C: augmented ridge,rep4,0.5,2,18.4,295.0,0.5730068875148236,0.4533997348306868,0.4559469254091331,1.382452583860137
C: augmented ridge,rep4,0.75,0,27.6,377.0,0.5804789812808092,0.45865639094409955,0.4471978396042848,1.3962664368969808
C: augmented ridge,rep4,0.75,1,27.6,397.6,0.5819829797555365,0.45931111202550207,0.45395853805624237,1.3827655730758406
C: augmented ridge,rep4,0.75,2,27.6,398.4,0.5979456546107791,0.4622752652872699,0.45261475872820095,1.388399412928911
C: augmented ridge,rep4,1.0,0,36.8,534.4,0.5606131529901076,0.45000870513332947,0.4605339048615532,1.3764504552450274
geometry only: ridge,rep0,0.25,0,9.4,108.4,0.49387484960135114,0.4472338799471916,0.3835026249532763,1.4629081081261939
geometry only: ridge,rep0,0.25,1,9.4,168.6,0.48405198302645847,0.39174502693667956,0.39489094251578505,1.4408700396022243
geometry only: ridge,rep0,0.25,2,9.4,121.6,0.44467918099492715,0.40169201351679984,0.41153917531101264,1.4308625628375737
geometry only: ridge,rep0,0.5,0,18.6,276.0,0.4894692572511642,0.4142100932004956,0.44072612151533136,1.389178805649331
geometry only: ridge,rep0,0.5,1,18.6,229.4,0.5081803123143489,0.3931380546601046,0.38385047740747397,1.4310335659457099
geometry only: ridge,rep0,0.5,2,18.6,280.6,0.47023782380676166,0.41966887890683535,0.4108259266605007,1.4114966200017567
geometry only: ridge,rep0,0.75,0,27.4,413.6,0.46331158851871307,0.41214506355024094,0.4487189150713561,1.3837951285332455
geometry only: ridge,rep0,0.75,1,27.4,420.2,0.5107942726911091,0.4390157146656204,0.4391881881060769,1.3862640861239033
geometry only: ridge,rep0,0.75,2,27.4,372.6,0.4600653598866094,0.4346137670937167,0.4532342205755556,1.3806984025311193
geometry only: ridge,rep0,1.0,0,36.8,534.4,0.4564335363863724,0.4371066494010353,0.45819925411478424,1.375142564940467
geometry only: ridge,rep1,0.25,0,9.2,129.2,0.5009713035034016,0.385637824189614,0.3991345134119037,1.427433205839335
geometry only: ridge,rep1,0.25,1,9.2,130.0,0.4523939577377093,0.41168196064013357,0.4423269342086984,1.3962944725734945
geometry only: ridge,rep1,0.25,2,9.2,110.4,0.4715128639621383,0.3993251785514321,0.32429223831229803,1.5199377822314188
geometry only: ridge,rep1,0.5,0,18.4,202.4,0.4770938080964423,0.4267981527358765,0.39770178441773496,1.4419616226735004
geometry only: ridge,rep1,0.5,1,18.4,235.6,0.4645480336517386,0.47677703658317555,0.3947118588327177,1.4308272694984205
geometry only: ridge,rep1,0.5,2,18.4,237.2,0.5155559710544924,0.43880803781151423,0.42072386843326737,1.4282038042908436
geometry only: ridge,rep1,0.75,0,27.6,414.4,0.4669623193503303,0.4442532986026837,0.4542177578677872,1.3788211067727625
geometry only: ridge,rep1,0.75,1,27.6,413.0,0.46903697336099953,0.4317757119490758,0.4525864045106889,1.3785440014951418
geometry only: ridge,rep1,0.75,2,27.6,415.6,0.48139494158898144,0.44206815646092484,0.4610504700445963,1.3718594306818837
geometry only: ridge,rep1,1.0,0,36.8,534.4,0.4561972026857852,0.44264461958291335,0.4636826406190808,1.3698073974939118
geometry only: ridge,rep2,0.25,0,9.2,115.2,0.5819317318772935,0.38984359628533244,0.2768426346133896,1.595407553859575
geometry only: ridge,rep2,0.25,1,9.2,150.0,0.4613170501585572,0.357971446216434,0.4024808072404384,1.4307286526156986
geometry only: ridge,rep2,0.25,2,9.2,119.8,0.594890884490584,0.37793615162544747,0.3039118067058532,1.562204323089088
geometry only: ridge,rep2,0.5,0,18.4,242.2,0.5451565696070393,0.4153796371096363,0.41136590872715145,1.4181625023287474
geometry only: ridge,rep2,0.5,1,18.4,294.2,0.46046512187769617,0.45782148393012567,0.41488836824506653,1.4118313016926525
geometry only: ridge,rep2,0.5,2,18.4,258.6,0.36912359658418814,0.36718346028818494,0.43017910675094606,1.4170148463547896
geometry only: ridge,rep2,0.75,0,27.6,425.6,0.4367414844710444,0.4408898226661406,0.4544580076211317,1.3806358436073178
geometry only: ridge,rep2,0.75,1,27.6,401.0,0.44765797318633904,0.43979847837365993,0.43731469119163835,1.3915232549302496
geometry only: ridge,rep2,0.75,2,27.6,409.2,0.43706154686185944,0.40491199275200823,0.4488766458167739,1.3905226054445805
geometry only: ridge,rep2,1.0,0,36.8,534.4,0.45912046941723555,0.4274979643220601,0.4429281580939338,1.386858841879434
geometry only: ridge,rep3,0.25,0,9.2,114.2,0.329850690049933,0.3792475919705874,0.2421898394529662,1.7634635085933708
geometry only: ridge,rep3,0.25,1,9.2,106.6,0.5151186814994336,0.31547114435479295,0.10332368633030171,2.5510569054044803
geometry only: ridge,rep3,0.25,2,9.2,119.4,0.49910497197933756,0.2899511741382278,0.20369722312684907,1.8719622401887095
geometry only: ridge,rep3,0.5,0,18.4,276.8,0.49122962679750365,0.4241268010663354,0.44045104908626154,1.3878427603996066
geometry only: ridge,rep3,0.5,1,18.4,308.6,0.42892663777458895,0.4378622371638662,0.4470564791445888,1.3800068452156173
geometry only: ridge,rep3,0.5,2,18.4,280.4,0.4916937533340449,0.4460136862757208,0.3517173660316065,1.457635246632474
geometry only: ridge,rep3,0.75,0,27.6,382.0,0.42573180236733466,0.419318094443044,0.424522448873984,1.4009512929620054
geometry only: ridge,rep3,0.75,1,27.6,397.4,0.457694405741082,0.43273487675814604,0.41905257368443455,1.4071191423014782
geometry only: ridge,rep3,0.75,2,27.6,397.2,0.44753183195996193,0.4372820191001331,0.44234618364310313,1.3826767275754415
geometry only: ridge,rep3,1.0,0,36.8,534.4,0.4531528073024279,0.43722854249034643,0.4527619594727489,1.3774901664117034
geometry only: ridge,rep4,0.25,0,9.2,129.4,0.5142364643189501,0.36447738633252336,0.26229237965085306,1.5628430333053622
geometry only: ridge,rep4,0.25,1,9.2,133.4,0.41444200355925104,0.43816127855066567,0.38510913799187657,1.4778704458097347
geometry only: ridge,rep4,0.25,2,9.2,150.4,0.5217683424959917,0.3963645185469871,0.33378848263633515,1.5545480151594802
geometry only: ridge,rep4,0.5,0,18.4,295.6,0.4380783261872872,0.4084348494698894,0.41131530209949674,1.4173338480847357
geometry only: ridge,rep4,0.5,1,18.4,237.6,0.4353015484424395,0.3606801178184106,0.46960906074921055,1.3749274031387266
geometry only: ridge,rep4,0.5,2,18.4,295.0,0.45485991356276145,0.4339117729588815,0.43592560660298973,1.3895208535882666
geometry only: ridge,rep4,0.75,0,27.6,377.0,0.4515821419013955,0.4186535917111461,0.43218307152218893,1.3990593616015852
geometry only: ridge,rep4,0.75,1,27.6,397.6,0.4364466664350554,0.42268915321335887,0.42341253427802816,1.405784755191722
geometry only: ridge,rep4,0.75,2,27.6,398.4,0.4451015102832979,0.42336053056104356,0.4240653162747256,1.4056137142643148
geometry only: ridge,rep4,1.0,0,36.8,534.4,0.45246868353771097,0.4219297967181516,0.4282732290858877,1.3999149325862896
A: LightGBM,rep0,0.25,0,9.4,108.4,0.9309204706503962,0.12532846005227335,0.036130327823579896,1.6611388183419322
A: LightGBM,rep0,0.25,1,9.4,168.6,0.9553326353847122,0.1911501354114745,0.33764204407563764,1.479402316202004
A: LightGBM,rep0,0.25,2,9.4,121.6,0.9186523087461465,0.16877646115340847,0.13383266010207748,1.6115886339854757
A: LightGBM,rep0,0.5,0,18.6,276.0,0.9433468776385027,0.19993374827920213,0.3775020736653801,1.4282351138468157
A: LightGBM,rep0,0.5,1,18.6,229.4,0.9604757289381187,0.2355598811227939,0.302083876879622,1.4976309878774428
A: LightGBM,rep0,0.5,2,18.6,280.6,0.9478168056779838,0.07419844644164406,0.27242998550225445,1.506011195605471
A: LightGBM,rep0,0.75,0,27.4,413.6,0.8999049303681211,0.2698709283837474,0.4983002785616556,1.336403888174714
A: LightGBM,rep0,0.75,1,27.4,420.2,0.9154046166214975,0.23816256995879956,0.46115349260180255,1.3675757404044544
A: LightGBM,rep0,0.75,2,27.4,372.6,0.9293652600083844,0.290808559968787,0.36966178381871867,1.4470943040552913
A: LightGBM,rep0,1.0,0,36.8,534.4,0.8641581446343366,0.32291846208971037,0.5073917876752145,1.3281029854193585
A: LightGBM,rep1,0.25,0,9.2,129.2,0.9189815270879313,0.1313315064871236,0.31308686199870694,1.4810263079478458
A: LightGBM,rep1,0.25,1,9.2,130.0,0.9056248107306217,0.21279374828639686,0.2423083827609132,1.5417483161576717
A: LightGBM,rep1,0.25,2,9.2,110.4,0.9359885017576879,0.2203588278868534,0.24588649063062148,1.5588864426052151
A: LightGBM,rep1,0.5,0,18.4,202.4,0.9428103178575686,0.08881849055022673,0.15984218152723428,1.5979806491690975
A: LightGBM,rep1,0.5,1,18.4,235.6,0.9199307327392761,0.1818777108121881,0.15798111469661882,1.5853675685453572
A: LightGBM,rep1,0.5,2,18.4,237.2,0.9514346988534976,0.1562856962281606,0.30928249297133314,1.4856647933303386
A: LightGBM,rep1,0.75,0,27.6,414.4,0.9023823209368753,0.2466472013454924,0.44040191100265,1.38415550423111
A: LightGBM,rep1,0.75,1,27.6,413.0,0.9056091684641805,0.22686727027845252,0.3152907693192741,1.4846455026076302
A: LightGBM,rep1,0.75,2,27.6,415.6,0.9189545387967627,0.3226420477538146,0.4661413145243281,1.3649690932903096
A: LightGBM,rep1,1.0,0,36.8,534.4,0.8732942188717789,0.292996183077777,0.43706893073255604,1.3889508871946703
A: LightGBM,rep2,0.25,0,9.2,115.2,0.9373698574485119,0.08918953103350655,0.11073124286664761,1.6071112336031075
A: LightGBM,rep2,0.25,1,9.2,150.0,0.9593341723383635,0.14852668552688936,0.11543568488383693,1.630062527474633
A: LightGBM,rep2,0.25,2,9.2,119.8,0.9527597271520619,0.1838288211127196,0.1873512871833333,1.5663804664282612
A: LightGBM,rep2,0.5,0,18.4,242.2,0.9631510096426463,0.16730939034653983,0.20180205470578746,1.5546147801482768
A: LightGBM,rep2,0.5,1,18.4,294.2,0.9305700586368006,0.12431063580537971,0.1721179564525091,1.5610316360613943
A: LightGBM,rep2,0.5,2,18.4,258.6,0.9537631052092088,0.13273549162202802,0.22101850336597248,1.560023388938502
A: LightGBM,rep2,0.75,0,27.6,425.6,0.8997268851867473,0.3036497843183621,0.4571634391435802,1.3719469196402343
A: LightGBM,rep2,0.75,1,27.6,401.0,0.9074918989613667,0.3086190772375786,0.37056310146805216,1.4429398406593243
A: LightGBM,rep2,0.75,2,27.6,409.2,0.9067944212290971,0.22669389970815795,0.38688762721890446,1.4282668009151391
A: LightGBM,rep2,1.0,0,36.8,534.4,0.8690747879529159,0.31873635713595,0.4837092235211885,1.350078428117745
A: LightGBM,rep3,0.25,0,9.2,114.2,0.9335662226765864,0.0866686275869327,0.035263109236442214,1.6824783457709713
A: LightGBM,rep3,0.25,1,9.2,106.6,0.9180167205266627,0.07131071209653143,-0.03125525425774265,1.692152601106626
A: LightGBM,rep3,0.25,2,9.2,119.4,0.9164498484424183,0.1609881762385424,0.11331570479000397,1.621156921401202
A: LightGBM,rep3,0.5,0,18.4,276.8,0.9425090191767005,0.24770163696050035,0.29968841032764965,1.5165957459359527
A: LightGBM,rep3,0.5,1,18.4,308.6,0.9332569864498593,0.2292445834939106,0.41888231603402276,1.4058812142285984
A: LightGBM,rep3,0.5,2,18.4,280.4,0.9303973572806111,0.14897850506420723,0.17969630295437594,1.5651777977859795
A: LightGBM,rep3,0.75,0,27.6,382.0,0.908479256152902,0.2852996184436881,0.2853197444453807,1.499402922629394
A: LightGBM,rep3,0.75,1,27.6,397.4,0.9126267257713947,0.25881853977153624,0.25727071595014456,1.5180034189301856
A: LightGBM,rep3,0.75,2,27.6,397.2,0.9098475451463965,0.30478011135958555,0.4481544824560142,1.3769881650123792
A: LightGBM,rep3,1.0,0,36.8,534.4,0.8752392109803946,0.3210384992926149,0.48723923402306635,1.3461215769579302
A: LightGBM,rep4,0.25,0,9.2,129.4,0.9249269228494736,0.09052586106199442,0.03196112943018661,1.6901303580138929
A: LightGBM,rep4,0.25,1,9.2,133.4,0.9318676734915134,0.16694014126180248,0.10516451600749327,1.6488512232420618
A: LightGBM,rep4,0.25,2,9.2,150.4,0.9609818203064442,0.09189860816419633,0.19681169258562262,1.5847854683097868
A: LightGBM,rep4,0.5,0,18.4,295.6,0.9576965312946667,0.0931794998401997,0.18097459026811413,1.5694782543746313
A: LightGBM,rep4,0.5,1,18.4,237.6,0.9545840591478866,0.18253040879661417,0.3933605664772777,1.426715242074607
A: LightGBM,rep4,0.5,2,18.4,295.0,0.934940396994795,0.2113594729946815,0.25435875244559514,1.5225284025355885
A: LightGBM,rep4,0.75,0,27.6,377.0,0.9269882224432722,0.17289624406852538,0.35224456578571445,1.4487306930521602
A: LightGBM,rep4,0.75,1,27.6,397.6,0.9060208388218614,0.2525876697131233,0.39295371216959574,1.4182337049960398
A: LightGBM,rep4,0.75,2,27.6,398.4,0.9119957125052818,0.2537099579222362,0.4148265698130269,1.4105095998719057
A: LightGBM,rep4,1.0,0,36.8,534.4,0.8674102293157757,0.28656737920354736,0.4412473978638066,1.3809488651890254
