model,stratum,rows,slope,intercept,sd_pred,sd_obs,mean_resid,slope_lo,slope_hi
C: ridge,all,668,1.2705486792672356,-0.07975158639394563,0.5932312323083235,1.5395811144766551,-0.14254685503527,0.9171310944561104,1.6197496433327554
C: ridge,antibody side,385,1.188895433948743,-0.0689063053797958,0.5526576381276137,1.423799333725886,-0.0749558483366748,0.7842749318156542,1.7344433841993583
C: ridge,antigen side,283,1.3298854274935454,-0.06350810518029534,0.6362827829228008,1.6713500396139154,-0.2344992846428996,0.9940560180047506,1.7620389088352768
C: ridge,unseen antigen,164,1.151936344856832,0.14976885651679542,0.6770102289637182,1.4814179153388687,-0.26915026439675643,0.7612575932661055,1.5532105801355691
C: ridge,seen antigen,504,1.3326864017665825,-0.1758929210149855,0.5635418101520864,1.5583353908812936,-0.10135050754462763,0.8181366455889751,1.793889285963261
C: LightGBM,all,668,1.1294520817601987,-0.0048458171926730525,0.6708523320681834,1.5395811144766551,-0.10622184757261036,0.730254450016688,1.5161493975441882
C: LightGBM,antibody side,385,0.9081660034649863,0.08292564884035084,0.6790857629532357,1.423799333725886,-0.006718681282310359,0.5050244412909081,1.5144879460362253
C: LightGBM,antigen side,283,1.4296316135658749,-0.14348070572975938,0.6587492020273836,1.6713500396139154,-0.24158834588273584,1.098040363731975,1.7338283384633473
C: LightGBM,unseen antigen,164,1.1800542348420524,0.13968095695200713,0.6122548923742754,1.4814179153388687,-0.27932374251404674,0.8007325700785606,1.6642480908508102
C: LightGBM,seen antigen,504,1.1302962491351867,-0.06539148589244168,0.6872892482908113,1.5583353908812936,-0.049895040488492214,0.6148683970685682,1.6300017074228303
