bin,rows,mean_pred,mean_obs,obs_q10,obs_q50,obs_q90,obs_lo,obs_hi,model,pred_from,pred_to
0,67,-0.18671391650602936,-0.011854490198051551,-0.41646977479348846,0.0,0.5126779884615776,-0.2741767476770469,0.12878549965709132,C: ridge,-0.8827195509972606,0.074221323734237
1,67,0.2055571379810888,0.1791606508552466,-0.4259599408708679,0.018817870323795817,1.118061294616303,-0.10793544562686212,0.4218429101720359,C: ridge,0.074221323734237,0.3326714405104901
2,67,0.4360918422371608,0.3585124568052582,-0.4884880112308376,0.17432266280813558,1.3027377295052225,0.1017419388149033,0.6076509676175262,C: ridge,0.3326714405104901,0.5269161956127303
3,66,0.5935557141046377,0.4699159132608675,-0.5318643707560163,0.3485418964338563,1.6092683078143115,0.179413480637795,0.7274521384408771,C: ridge,0.5269161956127303,0.6609278793640112
4,67,0.7370697775911474,0.8617382153329927,-0.32969417203358964,0.4104726258954247,2.5436391150320463,0.5413749172432089,1.2322457535792968,C: ridge,0.6609278793640112,0.8072590552201921
5,67,0.8825658731186682,0.6826279675689658,-0.6293292196486951,0.46369975132623836,2.0288699019716105,0.39481811870632055,1.0834627442869686,C: ridge,0.8072590552201921,0.9423260727466385
6,66,1.0333626922122592,1.2616929878378613,-0.11566709339550532,0.9516664702199717,2.9645519852721582,0.8218854621132151,1.7633418806988959,C: ridge,0.9423260727466385,1.1081795016202993
7,67,1.2123308429479702,1.401164698396562,0.09253325179862529,1.0584464056761942,3.1150526549069477,0.6783999126858732,1.9915484837123154,C: ridge,1.1081795016202993,1.303943679308268
8,67,1.399639118591542,1.9255632830731502,0.06905520438378142,1.7166799833947735,4.2370735595472215,1.0713943382890019,2.558878843177701,C: ridge,1.303943679308268,1.5407433775315316
9,67,1.9028745088720393,2.5105878732675153,0.6221426731215842,2.279872601798641,4.66893682252183,2.0491046874473224,2.9119779395421475,C: ridge,1.5407433775315316,3.078243502312431
0,67,-0.05420972697438471,0.035086573085486815,-0.7226268246733125,0.0,1.1392541747835734,-0.489067287998848,0.3348249433165238,C: LightGBM,-0.8415322555179007,0.0835705681563323
1,67,0.15375145107509097,0.21173357292066627,-0.49832541959408183,0.0,1.1911011789843704,-0.04281838708700369,0.4536574429455876,C: LightGBM,0.0835705681563323,0.23370368555018475
2,67,0.3050609938133199,0.26062808950735916,-0.5997044174429763,0.09689984987760664,1.2761192642504673,-0.015293718570049603,0.5045498378029023,C: LightGBM,0.23370368555018475,0.3890731449614405
3,66,0.4654387402513184,0.3998853235591211,-0.44236385861991184,0.268708040513145,1.3445984296327533,0.14045015614927558,0.6783899430171018,C: LightGBM,0.3890731449614405,0.5515408613961681
4,67,0.6421067389725561,0.6359173347983246,-0.17656899575345641,0.3852693830957245,1.9019631806689143,0.3079901314984827,0.9467922474666575,C: LightGBM,0.5515408613961681,0.7372297859841761
5,67,0.89633361171232,1.0319277462682281,-0.1883979302479559,0.8408437632853092,2.7026070947127745,0.7084447938676509,1.4227529153344687,C: LightGBM,0.7372297859841761,1.0146567268174123
6,66,1.1108807309894324,1.252369116144172,-0.007592554744069695,1.0148359681516226,2.8039606513263178,0.9109519283520924,1.608983098401148,C: LightGBM,1.0146567268174123,1.2297280008954736
7,67,1.3475689184333854,1.441966850737232,-0.280682770457265,1.049329490590402,3.6482497858553677,0.6946124127513849,2.015839111716398,C: LightGBM,1.2297280008954736,1.4479352575637692
8,67,1.5762364529515593,1.9436023941764773,-0.009561264575731794,1.767124279792481,4.448257473745714,1.3688454884693653,2.389007781329418,C: LightGBM,1.4479352575637692,1.7421185753923385
9,67,2.1345762179852974,2.4248081600571005,0.4942461275410179,2.0498905295517162,5.728709501731772,1.548740493013228,3.0820435714551153,C: LightGBM,1.7421185753923385,3.465492055567999
