complex,Mutation(s)_cleaned,ddG,pred,case
2NZ9_DC_A,HA1036A,7.4197029944632416,1.319261333850772,2NZ9_DC_A HA1036A
2VIS_AB_C,IC89T,-4.911626896223453,1.1156463283024203,2VIS_AB_C IC89T
3HFM_HL_Y,YH50A,7.3195613677816445,1.5001209922128347,3HFM_HL_Y YH50A
3HFM_HL_Y,YH50F,1.609991482454399,1.1327279046212313,3HFM_HL_Y YH50A
3HFM_HL_Y,YH50L,2.8488367321432,1.3338904953706825,3HFM_HL_Y YH50A
3HFM_HL_Y,KY96A,6.988164272895063,1.2838802503966655,3HFM_HL_Y KY96A
3HFM_HL_Y,KY96M,6.776946071428292,1.2926985355382838,3HFM_HL_Y KY96A
3HFM_HL_Y,KY96R,5.353003237432198,1.3572179567615188,3HFM_HL_Y KY96A
3HFM_HL_Y,KY97A,5.861406477787119,1.2523408082772682,3HFM_HL_Y KY97D
3HFM_HL_Y,KY97M,0.9469717205448789,1.276043760136328,3HFM_HL_Y KY97D
3HFM_HL_Y,KY97G,6.430556104296552,1.3967600512145797,3HFM_HL_Y KY97D
3HFM_HL_Y,KY97D,6.7684252507268186,1.1575582311593062,3HFM_HL_Y KY97D
3HFM_HL_Y,KY97E,3.6045077805427614,1.2807693010691605,3HFM_HL_Y KY97D
3HFM_HL_Y,KY97R,3.052851288391358,1.2837282338366411,3HFM_HL_Y KY97D
2NYY_DC_A,HA1036A,7.319429110408094,1.8095673564624821,2NYY_DC_A HA1036A
3HFM_HL_Y,KY96A,6.988164272895063,1.2838802503966655,3HFM_HL_Y KY96M
3HFM_HL_Y,KY96M,6.776946071428292,1.2926985355382838,3HFM_HL_Y KY96M
3HFM_HL_Y,KY96R,5.353003237432198,1.3572179567615188,3HFM_HL_Y KY96M
1DQJ_AB_C,YB50A,6.888025483932965,1.4992757880469805,1DQJ_AB_C YB50A
3HFM_HL_Y,KY97A,5.861406477787119,1.2523408082772682,3HFM_HL_Y KY97G
3HFM_HL_Y,KY97M,0.9469717205448789,1.276043760136328,3HFM_HL_Y KY97G
3HFM_HL_Y,KY97G,6.430556104296552,1.3967600512145797,3HFM_HL_Y KY97G
3HFM_HL_Y,KY97D,6.7684252507268186,1.1575582311593062,3HFM_HL_Y KY97G
3HFM_HL_Y,KY97E,3.6045077805427614,1.2807693010691605,3HFM_HL_Y KY97G
3HFM_HL_Y,KY97R,3.052851288391358,1.2837282338366411,3HFM_HL_Y KY97G
3HFM_HL_Y,NL31A,5.214131098855438,1.0034648842533747,3HFM_HL_Y NL31E
3HFM_HL_Y,NL31D,1.3434844960032908,0.7677657116742527,3HFM_HL_Y NL31E
3HFM_HL_Y,NL31E,5.707368905214603,0.8769536634010298,3HFM_HL_Y NL31E
1JRH_LH_I,EI45P,-3.788177441800619,0.8521793428148585,1JRH_LH_I EI45P
1JRH_LH_I,EI45A,-0.5657848826604327,0.725898559127617,1JRH_LH_I EI45P
3HFM_HL_Y,KY97A,5.861406477787119,1.2523408082772682,3HFM_HL_Y KY97A
3HFM_HL_Y,KY97M,0.9469717205448789,1.276043760136328,3HFM_HL_Y KY97A
3HFM_HL_Y,KY97G,6.430556104296552,1.3967600512145797,3HFM_HL_Y KY97A
3HFM_HL_Y,KY97D,6.7684252507268186,1.1575582311593062,3HFM_HL_Y KY97A
3HFM_HL_Y,KY97E,3.6045077805427614,1.2807693010691605,3HFM_HL_Y KY97A
3HFM_HL_Y,KY97R,3.052851288391358,1.2837282338366411,3HFM_HL_Y KY97A
