complex,Mutation(s)_cleaned,partner_residue,atom_pairs_4.5,pairs_from_removed_atoms,min_dist,polar_pairs_3.5,interaction
2NZ9_DC_A,HA1036A,S31.C,4,3,3.5461909770965576,,van der Waals
2NZ9_DC_A,HA1036A,Y32.C,14,0,3.629100799560547,,van der Waals
2NZ9_DC_A,HA1036A,F36.C,26,25,3.494910955429077,,aromatic stacking
2NZ9_DC_A,HA1036A,G95.C,5,5,2.789372444152832,NE2-O 2.8,H-bond
2NZ9_DC_A,HA1036A,N96.C,11,11,2.9494476318359375,NE2-O 2.9,H-bond
2NZ9_DC_A,HA1036A,Y99.D,2,2,3.6152665615081787,,van der Waals
2NZ9_DC_A,HA1036A,Y101.D,3,0,3.577486038208008,,van der Waals
2NZ9_DC_A,HA1036A,D102.D,11,9,2.7152154445648193,ND1-OD2 2.7; ND1-OD1 3.1,H-bond
2VIS_AB_C,IC89T,I30.B,3,1,4.002904891967773,,van der Waals
2VIS_AB_C,IC89T,S31.B,2,2,3.8480074405670166,,van der Waals
2VIS_AB_C,IC89T,A53.B,5,3,3.6601264476776123,,van der Waals
2VIS_AB_C,IC89T,Y102.B,2,1,3.455484390258789,,van der Waals
3HFM_HL_Y,YH50A,R21.Y,10,10,2.511763095855713,OH-NH1 2.5; OH-NH2 2.6,"H-bond, cation-pi"
3HFM_HL_Y,YH50A,S100.Y,6,6,2.812673330307007,OH-O 2.8,H-bond
3HFM_HL_Y,KY96A,N31.L,4,4,2.7439606189727783,NZ-OD1 2.7,H-bond
3HFM_HL_Y,KY96A,N32.L,3,3,3.7307279109954834,,van der Waals
3HFM_HL_Y,KY96A,Y50.L,21,19,3.221229314804077,,cation-pi
3HFM_HL_Y,KY97D,D32.H,1,1,3.6086015701293945,,van der Waals
3HFM_HL_Y,KY97D,Y33.H,19,12,3.0010106563568115,O-OH 3.0,"H-bond, cation-pi"
3HFM_HL_Y,KY97D,W98.H,5,5,3.772869110107422,,van der Waals
2NYY_DC_A,HA1036A,S31.C,3,2,4.255559921264648,,van der Waals
2NYY_DC_A,HA1036A,Y32.C,14,1,3.4878416061401367,,van der Waals
2NYY_DC_A,HA1036A,F36.C,25,24,3.2141599655151367,,aromatic stacking
2NYY_DC_A,HA1036A,G95.C,5,5,2.6797127723693848,NE2-O 2.7,H-bond
2NYY_DC_A,HA1036A,N96.C,7,7,3.3384687900543213,NE2-O 3.4,H-bond
2NYY_DC_A,HA1036A,Y99.D,2,2,3.799452781677246,,van der Waals
2NYY_DC_A,HA1036A,D102.D,12,10,2.725968360900879,ND1-OD2 2.7; ND1-OD1 2.9,H-bond
3HFM_HL_Y,KY96M,N31.L,4,4,2.7439606189727783,NZ-OD1 2.7,H-bond
3HFM_HL_Y,KY96M,N32.L,3,3,3.7307279109954834,,van der Waals
3HFM_HL_Y,KY96M,Y50.L,21,19,3.221229314804077,,cation-pi
1DQJ_AB_C,YB50A,R21.C,5,5,3.052520751953125,OH-NH1 3.1; OH-NH2 3.4,H-bond
1DQJ_AB_C,YB50A,S100.C,7,7,2.6018052101135254,OH-O 2.6,H-bond
3HFM_HL_Y,KY97G,D32.H,1,1,3.6086015701293945,,van der Waals
3HFM_HL_Y,KY97G,Y33.H,19,12,3.0010106563568115,O-OH 3.0,"H-bond, cation-pi"
3HFM_HL_Y,KY97G,W98.H,5,5,3.772869110107422,,van der Waals
3HFM_HL_Y,NL31E,R14.Y,3,3,3.70607328414917,,van der Waals
3HFM_HL_Y,NL31E,H15.Y,11,9,3.1963984966278076,OD1-O 3.2,H-bond
3HFM_HL_Y,NL31E,G16.Y,10,8,3.525421380996704,,van der Waals
3HFM_HL_Y,NL31E,K96.Y,4,4,2.7439606189727783,OD1-NZ 2.7,H-bond
1JRH_LH_I,EI45P,S93.L,6,1,3.039602518081665,,van der Waals
1JRH_LH_I,EI45P,T94.L,1,1,3.815518379211426,,van der Waals
3HFM_HL_Y,KY97A,D32.H,1,1,3.6086015701293945,,van der Waals
3HFM_HL_Y,KY97A,Y33.H,19,12,3.0010106563568115,O-OH 3.0,"H-bond, cation-pi"
3HFM_HL_Y,KY97A,W98.H,5,5,3.772869110107422,,van der Waals
