complex,Mutation(s)_cleaned,antigen_group,side,iMutation_Location(s),Method,n_repeats,kd_wt,kd_mut,ddG,pred,pred_pct,pred_pct_in_complex,rows_in_complex,residue,side_chain_atoms,removed_atoms,partner_residues_4.5,partner_atoms_4.5,partner_atoms_4.5_of_removed,polar_pairs,polar_pairs_of_removed,salt_bridge_pairs,interactions,rsa_complex,dsasa,bfactor,analogues_ddG_median,analogues_ddG_q90,analogues_ddG_max,analogues_above_3,same_site_rows,same_site_ddG,notes
2NZ9_DC_A,HA1036A,BoNT_A1,antigen,COR,KinExA,1,1.36e-10,4.09e-05,7.4197029944632416,1.319261333850772,0.811377245508982,0.9473684210526315,19,H1064.A,6,5,8,26,19,4,4,0,F36.C aromatic stacking; G95.C H-bond; N96.C H-bond; D102.D H-bond,0.023916496072828582,135.18878887460494,77.33500000000001,1.672701268521974,4.343793196110486,7.319429110408094,4,1,A 7.4,
2VIS_AB_C,IC89T,hemagglutinin,antigen,COR,SPR,1,4e-06,1e-09,-4.911626896223453,1.1156463283024203,0.7035928143712575,1.0,1,I131.C,4,3,4,5,5,0,0,0,,0.12260184934415394,60.38141080199582,25.34625,1.6570886455631264,3.023124601457472,4.060661850178953,2,1,T -4.9,"Crystal structure is one of the mutants in the paper. This mutant is taken as 'wild-type',,"
3HFM_HL_Y,YH50A,lysozyme,antibody,SUP,SP,1,3e-11,7e-06,7.3195613677816445,1.5001209922128347,0.8907185628742516,0.7887323943661971,71,Y50.H,8,7,2,8,8,3,3,0,"R21.Y H-bond, cation-pi; S100.Y H-bond",0.0,19.286262433128968,15.033333333333333,1.3046104688360356,4.125489596131085,6.888025483932965,3,3,A 7.3; F 1.6; L 2.8,"NB) HyHEL-10 and HyHEL-63 are very similar,,"
3HFM_HL_Y,KY96A,lysozyme,antigen,SUP,SP,1,3e-11,4e-06,6.988164272895063,1.2838802503966655,0.7904191616766467,0.5633802816901409,71,K96.Y,5,4,3,12,12,1,1,0,N31.L H-bond; Y50.L cation-pi,0.004540080610435256,54.75091021815544,12.893333333333334,1.8557724938376399,4.234059973568221,6.155820121291552,6,3,A 7.0; M 6.8; R 5.4,"NB) HyHEL-10 and HyHEL-63 are very similar,,"
3HFM_HL_Y,KY97D,lysozyme,antigen,COR,IASP,1,7.5e-11,6.9e-06,6.7684252507268186,1.1575582311593062,0.7230538922155688,0.39436619718309857,71,K97.Y,5,4,3,12,12,1,0,0,"Y33.H H-bond, cation-pi",0.04045333014827975,66.17102677055522,12.315555555555555,1.849335040423691,3.7515446788851103,6.155820121291552,5,6,A 5.9; M 0.9; G 6.4; D 6.8; E 3.6; R 3.1,"NB) HyHEL-10 and HyHEL-63 are very similar,,"
2NYY_DC_A,HA1036A,BoNT_A1,antigen,COR,KinExA,1,1.25e-10,3.17e-05,7.319429110408094,1.8095673564624821,0.9595808383233533,0.9666666666666667,30,H1064.A,6,5,7,24,18,4,4,0,F36.C aromatic stacking; G95.C H-bond; N96.C H-bond; D102.D H-bond,0.019133196858262865,145.42085561638197,5.007,2.0913857201925508,4.343793196110486,7.4197029944632416,4,1,A 7.3,'wild-type' is affinity matured AR2
3HFM_HL_Y,KY96M,lysozyme,antigen,SUP,IASP,1,7.5e-11,7e-06,6.776946071428292,1.2926985355382838,0.7964071856287425,0.5774647887323944,71,K96.Y,5,4,3,12,12,1,1,0,N31.L H-bond; Y50.L cation-pi,0.004540080610435256,54.75091021815544,12.893333333333334,1.8021268217858273,4.17277616961169,6.155820121291552,7,3,A 7.0; M 6.8; R 5.4,"NB) HyHEL-10 and HyHEL-63 are very similar,,"
1DQJ_AB_C,YB50A,lysozyme,antibody,SUP,SPR,1,2.78e-09,0.000313,6.888025483932965,1.4992757880469805,0.8892215568862275,0.5238095238095238,21,Y50.B,8,7,2,8,8,3,3,0,R21.C H-bond; S100.C H-bond,0.0,22.636808697294327,15.504999999999997,1.3046104688360356,3.0078291750706234,7.3195613677816445,2,1,A 6.9,"NB) HyHEL-10 and HyHEL-63 are very similar,,"
3HFM_HL_Y,KY97G,lysozyme,antigen,COR,IASP,1,7.5e-11,3.9e-06,6.430556104296552,1.3967600512145797,0.8517964071856288,0.7464788732394366,71,K97.Y,5,5,3,12,12,1,0,0,"Y33.H H-bond, cation-pi",0.04045333014827975,66.17102677055522,12.315555555555555,2.793190811612993,4.990819360524998,6.155820121291552,9,6,A 5.9; M 0.9; G 6.4; D 6.8; E 3.6; R 3.1,"NB) HyHEL-10 and HyHEL-63 are very similar,,"
3HFM_HL_Y,NL31E,lysozyme,antibody,COR,SP,1,3e-11,4.6e-07,5.707368905214603,0.8769536634010298,0.5479041916167665,0.23943661971830985,71,N31.L,4,3,4,12,12,2,2,0,H15.Y H-bond; K96.Y H-bond,0.06285924131544256,53.38921829838348,14.2775,0.8132739810108521,2.3932075191634983,4.450238411656094,1,3,A 5.2; D 1.3; E 5.7,"NB) HyHEL-10 and HyHEL-63 are very similar,,"
1JRH_LH_I,EI45P,IFNg_receptor,antigen,RIM,SPR,1,1.2e-08,2e-11,-3.788177441800619,0.8521793428148585,0.5254491017964071,0.4883720930232558,43,E55.I,5,4,2,3,2,0,0,0,,0.421013086993196,60.191558074754056,79.58555555555556,0.03934464549964415,1.2336631502163828,1.9608781073650527,0,2,P -3.8; A -0.6,
3HFM_HL_Y,KY97A,lysozyme,antigen,COR,SP,2,3e-11,1e-06,5.861406477787119,1.2523408082772682,0.7634730538922155,0.4647887323943662,71,K97.Y,5,4,3,12,12,1,0,0,"Y33.H H-bond, cation-pi",0.04045333014827975,66.17102677055522,12.315555555555555,1.820349337165538,4.234059973568221,6.155820121291552,5,6,A 5.9; M 0.9; G 6.4; D 6.8; E 3.6; R 3.1,"NB) HyHEL-10 and HyHEL-63 are very similar,,"
