complex,antigen,seen,rows,spearman,rmse,ddG_std
3HFM_HL_Y,lysozyme,True,71,0.4185083338481329,2.2598786481455506,2.069917152201321
1MHP_HL_A,integrin_alpha1,True,49,0.5436492749797124,0.8975602387931265,0.8857227253522671
1VFB_AB_C,lysozyme,True,45,0.5724826249029463,0.6945190389171476,0.8311503678166572
1JRH_LH_I,IFNg_receptor,False,43,0.4599411022702894,1.480244018544452,1.6854157227496118
3NGB_HL_G,gp120,True,41,0.529268292682927,0.839000180600438,0.9444195830037312
2JEL_LH_P,HPr,False,40,0.529264580603462,0.9266866382516247,1.1394572752237673
3BN9_B_CD,MT-SP1,True,33,0.5048884449816186,0.7137875429161077,0.6753653993838373
2NYY_DC_A,BoNT_A1,True,30,0.717908787541713,1.3221947327972707,1.62283679087923
3SE8_HL_G,gp120,True,28,0.5225126639871703,0.7197655308090729,0.7753447149661993
3NPS_A_BC,MT-SP1,True,27,0.6893604110234925,0.6219426376575388,0.6972744594268653
3SE9_HL_G,gp120,True,25,0.3051761139594355,1.0684918525228189,0.8881905440869251
1DVF_AB_CD,anti_idiotype,False,25,0.3973052850780009,1.4907701943331881,1.2202010654292386
1DQJ_AB_C,lysozyme,True,21,0.5430334810598958,1.9944392504528528,1.9315655782901184
2NZ9_DC_A,BoNT_A1,True,19,0.6824561403508772,1.7172012856344359,1.9274681054681426
5C6T_HL_A,HCMV_gB,False,18,0.8332474006644853,0.8418579047773246,1.0490425466693836
1YY9_CD_A,EGFR,True,16,0.4606329429543662,1.0327266000394406,1.1583686495506156
1N8Z_AB_C,HER2,True,12,0.7762237762237763,0.6362982197849169,0.9941798856381809
2BDN_HL_A,MCP-1,False,12,0.18881118881118883,1.156983007413909,1.2400127538823693
1MLC_AB_E,lysozyme,True,11,-0.44545454545454555,1.1939877684524032,0.5430495301166749
1BJ1_HL_VW,VEGF,False,10,0.3939393939393939,1.4201742446149044,1.7273375344659507
3N85_A_LH,HER2,True,9,,0.8948504143198337,0.43650978737627294
4NM8_ABCDEF_HL,hemagglutinin,True,9,,1.4008268169825022,1.528233098335961
1AHW_AB_C,tissue_factor,False,8,,1.377570705071553,1.1144003301795256
1NMB_N_LH,neuraminidase_N9,True,8,,1.1768674306642368,1.1951410361443149
4JPK_HL_A,gp120,True,8,,0.8445651951424201,1.2530101713411845
1NCA_N_LH,neuraminidase_N9,True,4,,0.814476781056628,0.3044200743529382
1XGP_AB_C,lysozyme,True,4,,2.699124128600779,1.2072744311824752
3W2D_A_HL,SEB,False,4,,2.0182827192837114,2.1666414638590146
1XGT_AB_C,lysozyme,True,4,,1.245651702877597,1.7284716416709207
1XGR_AB_C,lysozyme,True,4,,1.4046039756483064,1.7241046032189358
1XGU_AB_C,lysozyme,True,4,,1.2338710406635376,1.0644821716298782
1XGQ_AB_C,lysozyme,True,4,,2.1286269390447856,1.6619321177847635
2B2X_HL_A,integrin_alpha1,True,3,,0.6111966121950901,0.12989979426523068
4U6H_AB_E,vaccinia_L1,False,2,,1.058990933852352,0.3301580968969338
4ZS6_HL_A,MERS_spike,False,2,,1.635871010936603,2.2266205294083865
4GXU_ABCDEF_MN,hemagglutinin,True,2,,0.9774610633963825,0.14439826984999005
2VIR_AB_C,hemagglutinin,True,2,,3.4899354601564654,0.8707439317863112
3G6D_LH_A,IL-13,True,2,,2.1817642393961783,0.38425628177510585
3LZF_AB_HL,hemagglutinin,True,2,,0.5920735987100727,0.027926300635648323
1KIR_AB_C,lysozyme,True,1,,2.013778108484479,
1KIP_AB_C,lysozyme,True,1,,1.1215390117137192,
1KIQ_AB_C,lysozyme,True,1,,3.439355955259306,
2VIS_AB_C,hemagglutinin,True,1,,6.027273224525873,
1YQV_HL_Y,lysozyme,True,1,,1.0127387615295567,
3L5X_A_HL,IL-13,True,1,,1.365940881154485,
4KRL_A_B,EGFR,True,1,,1.5307080440190575,
