wt_aa,rows,mean_resid,rmse
D,59,-0.1461837012143857,0.9546959627652758
E,28,-0.2115814171399007,1.3721544049574799
F,31,0.0426840445558163,1.2456359426962897
G,28,-0.12795999776791642,1.1494236937258295
H,19,-0.4565372109356214,2.1017138715230006
I,18,0.6398299269997891,1.7079922237737681
K,42,-0.8940046470224943,2.2672587986924357
L,25,-0.05226577093420064,0.7783501946558696
N,59,-0.18294014211005663,1.4525764860282575
Q,29,-0.07867116384767056,0.8660075839909728
R,53,-0.04089842625502099,0.9437198210206171
S,53,0.11030173981334239,1.022964757862812
T,55,0.008805899507779135,1.0529467803465657
V,21,0.4048456987455405,1.121244433207602
W,35,-0.5339331576652616,1.7139421634294991
Y,95,-0.33843631853216616,1.4438709364652778
