model,stratum,level,rows,complexes,complexes>=10,per_complex_spearman,within_stratum_spearman,rmse
C: ridge,antigen,seen antigen,504,36,14,0.48718905307439414,0.5554575471764456,1.38058834413344
C: ridge,antigen,unseen antigen,164,10,6,0.4670848252278034,0.5297747813573178,1.2882866557020112
C: ridge,side,antibody,385,32,14,0.3459539352771954,0.4917897981875577,1.2680028341065182
C: ridge,side,antigen,283,23,10,0.59489339671254,0.5973670452482306,1.4727310616934035
C: ridge,loc,COR,281,36,11,0.4315313261739064,0.43186145828439254,1.5550464572330247
C: ridge,loc,INT,31,15,0,,0.33077716134272306,0.7279501753263558
C: ridge,loc,RIM,162,29,5,0.1827206127206127,0.20901268871996997,0.9345567154433895
C: ridge,loc,SUP,115,27,2,0.400242203721954,0.5153072396557513,1.8178135986724053
C: ridge,loc,SUR,79,19,3,0.27288446158923424,0.21227318575381543,0.44136899057289064
C: ridge,to_ala,other,304,35,9,0.4122888592188201,0.5458645045156213,1.3376364977260595
C: ridge,to_ala,to Ala,364,31,13,0.5690328888814395,0.5241179140013592,1.3756972360678088
C: ridge,anti_idiotype,anti-idiotype,25,1,1,0.3973052850780009,0.3973052850780009,1.4907701943331881
C: ridge,anti_idiotype,other,643,45,19,0.48557107417528084,0.5375602859326326,1.3531049608561865
C: ridge,all,all,668,46,20,0.48115778472041687,0.5440048289215885,1.358508403964518
D: LightGBM,antigen,seen antigen,504,36,14,0.4734579283191932,0.5389398981921086,1.3660738277829103
D: LightGBM,antigen,unseen antigen,164,10,6,0.3478307251972485,0.49678935444386985,1.3273521095083767
D: LightGBM,side,antibody,385,32,14,0.2933011920079022,0.4271090245251828,1.3010451296455918
D: LightGBM,side,antigen,283,23,10,0.6016728403113281,0.6353910865385155,1.4288700731084139
D: LightGBM,loc,COR,281,36,11,0.3386356309672778,0.3557484253109368,1.6007950376336308
D: LightGBM,loc,INT,31,15,0,,0.21796176586341726,0.7073620070812929
D: LightGBM,loc,RIM,162,29,5,0.2265318015318015,0.16173555548291568,0.9779050288245422
D: LightGBM,loc,SUP,115,27,2,0.432666392866489,0.5996642448474273,1.6828144186321456
D: LightGBM,loc,SUR,79,19,3,0.09539998929383971,0.04852273375684204,0.4105897523934838
D: LightGBM,to_ala,other,304,35,9,0.3781820930772912,0.5019147128486348,1.3312274374404132
D: LightGBM,to_ala,to Ala,364,31,13,0.5597090432430736,0.5113670696500052,1.3775580634125932
D: LightGBM,anti_idiotype,anti-idiotype,25,1,1,0.3599616681665996,0.3599616681665996,1.4304103597562619
D: LightGBM,anti_idiotype,other,643,45,19,0.4397596673413472,0.5128081109263958,1.3537214827941857
D: LightGBM,all,all,668,46,20,0.4357697673826098,0.5211995425360831,1.3566696611399232
