complex,Mutation(s)_cleaned,antigen_group,loc,side,ddG,pred,ddG_std,n_repeats
2NZ9_DC_A,HA1036A,BoNT_A1,COR,antigen,7.4197029944632416,1.319261333850772,,1
2VIS_AB_C,IC89T,hemagglutinin,COR,antigen,-4.911626896223453,1.1156463283024203,,1
3HFM_HL_Y,YH50A,lysozyme,SUP,antibody,7.3195613677816445,1.5001209922128347,,1
3HFM_HL_Y,KY96A,lysozyme,SUP,antigen,6.988164272895063,1.2838802503966655,,1
3HFM_HL_Y,KY97D,lysozyme,COR,antigen,6.7684252507268186,1.1575582311593062,,1
2NYY_DC_A,HA1036A,BoNT_A1,COR,antigen,7.319429110408094,1.8095673564624821,,1
3HFM_HL_Y,KY96M,lysozyme,SUP,antigen,6.776946071428292,1.2926985355382838,,1
1DQJ_AB_C,YB50A,lysozyme,SUP,antibody,6.888025483932965,1.4992757880469805,,1
3HFM_HL_Y,KY97G,lysozyme,COR,antigen,6.430556104296552,1.3967600512145797,,1
3HFM_HL_Y,NL31E,lysozyme,COR,antibody,5.707368905214603,0.8769536634010298,,1
1JRH_LH_I,EI45P,IFNg_receptor,RIM,antigen,-3.788177441800619,0.8521793428148585,,1
3HFM_HL_Y,KY97A,lysozyme,COR,antigen,5.861406477787119,1.2523408082772682,0.4324842463028442,2
