model,loss,weighting,metric,value,lo,hi
mean,huber,none,per_complex_spearman,,,
mean,huber,none,pooled_pearson,-0.25327668118030516,-0.36977217299588777,-0.05601646478815555
mean,huber,none,rmse,1.5666559878300788,1.2581812502431162,1.892802083658368
mean,huber,sqrt,per_complex_spearman,,,
mean,huber,sqrt,pooled_pearson,-0.20647670926000808,-0.32342697785048385,-0.07580388951323119
mean,huber,sqrt,rmse,1.5703749470273018,1.2426633963408271,1.9122450114841558
zero-shot LLR (calibrated),huber,none,per_complex_spearman,0.06689746780006237,-0.04978815563170542,0.19488375573423333
zero-shot LLR (calibrated),huber,none,pooled_pearson,-0.23854351235259882,-0.33950533596208615,-0.08157919436773728
zero-shot LLR (calibrated),huber,none,rmse,1.579277828070827,1.2345355463396352,1.9378586932606363
zero-shot LLR (calibrated),huber,sqrt,per_complex_spearman,0.019641557020715527,-0.09574286736578157,0.14879613489719254
zero-shot LLR (calibrated),huber,sqrt,pooled_pearson,-0.1183270795619852,-0.19371201241018585,-0.0349955168596956
zero-shot LLR (calibrated),huber,sqrt,rmse,1.5941673477435243,1.242815907526131,1.960416282250506
zero-shot LLR (calibrated),mse,none,per_complex_spearman,0.019641557020715527,-0.09574286736578157,0.14879613489719254
zero-shot LLR (calibrated),mse,none,pooled_pearson,-0.19900665916661125,-0.29111904739184324,-0.05249544340699587
zero-shot LLR (calibrated),mse,none,rmse,1.571409291770487,1.2713442662736119,1.8936499250388679
zero-shot LLR (calibrated),mse,sqrt,per_complex_spearman,0.019641557020715527,-0.09574286736578157,0.14879613489719254
zero-shot LLR (calibrated),mse,sqrt,pooled_pearson,-0.0854141628209077,-0.15492172470830792,0.005388696245877018
zero-shot LLR (calibrated),mse,sqrt,rmse,1.5752128482064558,1.256176373211958,1.9023339029002793
location + substitution,huber,none,per_complex_spearman,0.35139373414484315,0.22492279942691779,0.45875153819950015
location + substitution,huber,none,pooled_pearson,0.24125799413539828,0.14442514877246818,0.39542167732682226
location + substitution,huber,none,rmse,1.5850633043311293,1.2138109798949086,1.949877392555305
location + substitution,huber,sqrt,per_complex_spearman,0.3488229791608805,0.23003846005272555,0.4497797767170596
location + substitution,huber,sqrt,pooled_pearson,0.25199160057954456,0.13592191001601905,0.38166687861039394
location + substitution,huber,sqrt,rmse,1.6086135309226908,1.2587951164714586,1.966694647674439
location + substitution,mse,none,per_complex_spearman,0.3363363448206892,0.2011217495845203,0.4545006335214762
location + substitution,mse,none,pooled_pearson,0.3087785974987007,0.19130097654221948,0.4232490558642939
location + substitution,mse,none,rmse,1.563976983932011,1.2654876686930947,1.8810791031693916
location + substitution,mse,sqrt,per_complex_spearman,0.34605163864692196,0.2292126865996981,0.44626992920450986
location + substitution,mse,sqrt,pooled_pearson,0.273040134206175,0.16168499361588282,0.3765638851384575
location + substitution,mse,sqrt,rmse,1.6604128876318667,1.3520954992875738,2.0067246202459414
A: augmented ridge,huber,none,per_complex_spearman,0.1309852198392298,0.028363397368343292,0.24290381332259148
A: augmented ridge,huber,none,pooled_pearson,0.32925710530288327,0.15760477919610164,0.44596768845382007
A: augmented ridge,huber,none,rmse,1.483354752330268,1.2725042288041974,1.7004069078734168
A: augmented ridge,huber,sqrt,per_complex_spearman,0.1701507477514792,0.07818266387633953,0.28839780734297377
A: augmented ridge,huber,sqrt,pooled_pearson,0.2723140774256993,0.09653348747901642,0.4010921802082848
A: augmented ridge,huber,sqrt,rmse,1.5437384814452222,1.3179998438193175,1.7741162593814475
A: augmented ridge,mse,none,per_complex_spearman,0.16479757225607922,0.05362871507817944,0.29206021446457936
A: augmented ridge,mse,none,pooled_pearson,0.36048582484419983,0.21316610201485137,0.4699561607513964
A: augmented ridge,mse,none,rmse,1.4477227302020974,1.2357728703254216,1.660679239379909
A: augmented ridge,mse,sqrt,per_complex_spearman,0.16041173006105341,0.045758158592134446,0.2940419696222615
A: augmented ridge,mse,sqrt,pooled_pearson,0.29502786543480536,0.14545867394866266,0.41668224672592397
A: augmented ridge,mse,sqrt,rmse,1.5396292875934097,1.3418479610685932,1.7293214612088712
A: LightGBM + PCA,huber,none,per_complex_spearman,0.3072968979717189,0.16825180337219336,0.4468310186405511
A: LightGBM + PCA,huber,none,pooled_pearson,0.3966731739460055,0.22436774931817685,0.5406006975605269
A: LightGBM + PCA,huber,none,rmse,1.4182946399471756,1.1894928833720608,1.649423451341373
A: LightGBM + PCA,huber,sqrt,per_complex_spearman,0.24603872265347526,0.11364835144917643,0.37023641058854034
A: LightGBM + PCA,huber,sqrt,pooled_pearson,0.3628198555441421,0.19754884612802123,0.4891985289408864
A: LightGBM + PCA,huber,sqrt,rmse,1.4451578051132385,1.1994932582255822,1.7059484078181768
A: LightGBM + PCA,mse,none,per_complex_spearman,0.24980964547255083,0.1238382394023503,0.38508458310877103
A: LightGBM + PCA,mse,none,pooled_pearson,0.4330164190989697,0.2096911370434683,0.5901370548770675
A: LightGBM + PCA,mse,none,rmse,1.3884746173936668,1.2192279882132508,1.5702594359849131
A: LightGBM + PCA,mse,sqrt,per_complex_spearman,0.23196874339169044,0.10584748718682957,0.3650585945099975
A: LightGBM + PCA,mse,sqrt,pooled_pearson,0.44217502204955944,0.2249905951223727,0.589356466501926
A: LightGBM + PCA,mse,sqrt,rmse,1.3827217831651482,1.208401418879637,1.5591515857474232
