model,repeat,per_complex_spearman,pooled_pearson,rmse,tail_mean_pred,tail_rmse,cens_below_bound,cens_mean_shortfall
C (exact rows only),rep0,0.48115778472041687,0.48956768277074025,1.358508404149888,1.3704104355269906,2.522810715596582,0.7916666666666666,2.2175617855728014
C (exact rows only),rep1,0.43992304790784936,0.4571499130282874,1.3789096016960711,1.3705091409561787,2.518714900857214,0.875,2.215379916990589
C (exact rows only),rep2,0.4741380909028379,0.47765490906893887,1.3637086998795147,1.38009601452643,2.511005485120985,0.8333333333333334,2.205648521935194
C (exact rows only),rep3,0.44741272783762326,0.4366442225737599,1.3937971218172471,1.3027247042986008,2.570296516834443,0.9166666666666666,2.202544865774905
C (exact rows only),rep4,0.45822591207025376,0.42324862116054773,1.4024619114208579,1.2850936124566883,2.5747141104439866,0.875,2.1103733917566823
"+ censored, one-sided Huber (Tobit)",rep0,0.45580514233374664,0.4604536827455951,1.3746797630479333,1.3495741714346532,2.548732140863232,0.7916666666666666,2.1939358388260954
"+ censored, one-sided Huber (Tobit)",rep1,0.4490578256284371,0.4567922250941414,1.3737075592296766,1.4320597392225887,2.4690654173741065,0.875,2.2062750209613298
"+ censored, one-sided Huber (Tobit)",rep2,0.46659027266559433,0.4661232459181936,1.3684819202491305,1.410527037886793,2.47913601343349,0.8333333333333334,2.2391337896785948
"+ censored, one-sided Huber (Tobit)",rep3,0.44421858005803483,0.41577844632211003,1.4018024329947871,1.4750504954539045,2.499170226954755,0.875,2.0912349870115303
"+ censored, one-sided Huber (Tobit)",rep4,0.45988127491483877,0.4665517442615377,1.368646421524932,1.3898489726837187,2.5127664347030034,0.7916666666666666,2.2926320114238288
"+ censored, bound used as exact label",rep0,0.4549392982367995,0.4612825771684063,1.3745112017683163,1.345032960228936,2.5512387407424564,0.7916666666666666,2.1974071454879964
"+ censored, bound used as exact label",rep1,0.44933623296088854,0.45735271220986784,1.3735768021020152,1.4274637388022107,2.4718942563630733,0.875,2.2080534388360964
"+ censored, bound used as exact label",rep2,0.46648091278225756,0.4665499134924367,1.3687213222527423,1.403835736812133,2.4829681033353603,0.875,2.2437701855111065
"+ censored, bound used as exact label",rep3,0.446095850639581,0.41735367642123705,1.4005135974959189,1.4699846908637078,2.5007484873264025,0.875,2.0983655184625154
"+ censored, bound used as exact label",rep4,0.45495153798694543,0.4673217731230322,1.3688133758868843,1.382016857739342,2.515908168114846,0.8333333333333334,2.2955384669865686
"+ censored, one-sided Huber, 1/sqrt(n)",rep0,0.4807944852012745,0.45127421876785057,1.396988254604502,1.1788500379723998,2.6692708733233483,0.875,2.3971692072227633
"+ censored, one-sided Huber, 1/sqrt(n)",rep1,0.44891706186395963,0.4338284672723801,1.403099156032504,1.276889768830584,2.5948922913388057,0.9166666666666666,2.3214057023911607
"+ censored, one-sided Huber, 1/sqrt(n)",rep2,0.4527784597046418,0.4579003319526959,1.3875926850733264,1.2563135927255713,2.6044489074697426,0.9166666666666666,2.4007420481627872
"+ censored, one-sided Huber, 1/sqrt(n)",rep3,0.4415233596974642,0.400388007318438,1.4327247906504335,1.1163354745104515,2.7355708647758448,0.9583333333333334,2.4509398673455767
"+ censored, one-sided Huber, 1/sqrt(n)",rep4,0.44682595034515804,0.42920723609108913,1.4183562233138174,1.1354033071134833,2.7115440548854206,0.9166666666666666,2.4084735994795388
"+ censored, bound as label, 1/sqrt(n)",rep0,0.48161496717617347,0.45170114329684874,1.3970516865482607,1.176112184507157,2.671113794062253,0.875,2.398675112541137
"+ censored, bound as label, 1/sqrt(n)",rep1,0.44768330182307325,0.434488965585143,1.4029057697482863,1.2734214550369363,2.596981833147354,0.9166666666666666,2.322114959314932
"+ censored, bound as label, 1/sqrt(n)",rep2,0.4536547507321841,0.4580441468305863,1.388038153278695,1.2522062905903013,2.6069937528178286,0.9166666666666666,2.4038469924902826
"+ censored, bound as label, 1/sqrt(n)",rep3,0.44227527118278154,0.40044776243481023,1.43294262386744,1.1142953531450683,2.737152746232518,0.9583333333333334,2.4515751213369597
"+ censored, bound as label, 1/sqrt(n)",rep4,0.44579446811841805,0.4295937595854871,1.4185417963269102,1.1332132967574502,2.713099346169118,0.9166666666666666,2.411051261645215
