test,model,vs singles-only (sum),min,max,repeats_better
multi-point test rows,+ multi [mean pooling],0.09,0.035,0.113,5/5
multi-point test rows,+ multi [sum pooling],0.037,-0.024,0.098,3/5
multi-point test rows,"+ multi, 1/sqrt(n) [mean pooling]",0.029,-0.021,0.078,3/5
multi-point test rows,"+ multi, 1/sqrt(n) [sum pooling]",-0.014,-0.081,0.053,2/5
multi-point test rows,singles only [mean pooling],0.066,0.045,0.096,5/5
multi-point test rows,singles only [sum pooling],0.0,0.0,0.0,0/5
single-point test rows,+ multi [mean pooling],-0.064,-0.1,-0.03,0/5
single-point test rows,+ multi [sum pooling],-0.075,-0.121,-0.031,0/5
single-point test rows,"+ multi, 1/sqrt(n) [mean pooling]",-0.05,-0.093,0.003,1/5
single-point test rows,"+ multi, 1/sqrt(n) [sum pooling]",-0.064,-0.133,-0.024,0/5
single-point test rows,singles only [mean pooling],0.0,0.0,0.0,0/5
single-point test rows,singles only [sum pooling],0.0,0.0,0.0,0/5
