model,loss,weighting,repeat,seed,per_complex_spearman,pooled_pearson,rmse
geometry (reference): ridge,huber,none,rep0,,0.44335906046588647,0.45928059715351793,1.3741216957714117
geometry (reference): ridge,huber,none,rep1,,0.43934673923564915,0.4594937378377469,1.3729049229112753
geometry (reference): ridge,huber,none,rep2,,0.42852774419568823,0.43911532069092446,1.38946046456762
geometry (reference): ridge,huber,none,rep3,,0.4345817216889373,0.45104226114945606,1.3782539440718091
geometry (reference): ridge,huber,none,rep4,,0.4331570842949196,0.4273543882961532,1.399434574919131
H1: geometry + side interactions: ridge,huber,none,rep0,,0.4263325936426292,0.4396616270224735,1.3903946389046207
H1: geometry + side interactions: ridge,huber,none,rep1,,0.43198743999958306,0.4462548652939502,1.3864850803544375
H1: geometry + side interactions: ridge,huber,none,rep2,,0.4215137356198645,0.4447117193058788,1.3879752201345752
H1: geometry + side interactions: ridge,huber,none,rep3,,0.42666580885197414,0.4518305148202025,1.377941509733397
H1: geometry + side interactions: ridge,huber,none,rep4,,0.42747131812281464,0.40562044045398793,1.4177802725076392
H2a: geometry + environment: ridge,huber,none,rep0,,0.4141776159991791,0.4762323074333331,1.3577355171904977
H2a: geometry + environment: ridge,huber,none,rep1,,0.42405838578241095,0.4610218796412559,1.370264847907003
H2a: geometry + environment: ridge,huber,none,rep2,,0.4301792200111049,0.47989248951071617,1.3558877940741711
H2a: geometry + environment: ridge,huber,none,rep3,,0.4033167477707629,0.4527687556020147,1.3787957841184906
H2a: geometry + environment: ridge,huber,none,rep4,,0.41829365372335037,0.4678263219424757,1.3655130946808554
H2b: geometry + identity: ridge,huber,none,rep0,,0.42933310918625345,0.36169460759961247,1.5029056811367272
H2b: geometry + identity: ridge,huber,none,rep1,,0.4798269315769345,0.4429622331970163,1.3892407254273151
H2b: geometry + identity: ridge,huber,none,rep2,,0.44144721532959535,0.34630610923448274,1.5141635180195747
H2b: geometry + identity: ridge,huber,none,rep3,,0.4359911411727565,0.35211674528620635,1.5054205358201587
H2b: geometry + identity: ridge,huber,none,rep4,,0.44277867852247565,0.33983692421072204,1.5217864153192764
H2c: geometry + environment + identity: ridge,huber,none,rep0,,0.4300462866990073,0.37415087483484366,1.4849436659164332
H2c: geometry + environment + identity: ridge,huber,none,rep1,,0.472726395310531,0.4940079909628768,1.3550889687037242
H2c: geometry + environment + identity: ridge,huber,none,rep2,,0.4358970653477973,0.3895114785129785,1.4784665827526062
H2c: geometry + environment + identity: ridge,huber,none,rep3,,0.43094380542947386,0.3676825408565168,1.4930618177452717
H2c: geometry + environment + identity: ridge,huber,none,rep4,,0.43057049409797965,0.4034832467041005,1.4280678189771616
H1+H2: all + side interactions: ridge,huber,none,rep0,,0.43468395508380675,0.39598266060939763,1.4640606147779316
H1+H2: all + side interactions: ridge,huber,none,rep1,,0.4386513941002968,0.4937161034151776,1.348698244177391
H1+H2: all + side interactions: ridge,huber,none,rep2,,0.41990640420339426,0.4489666694873332,1.3988691307535452
H1+H2: all + side interactions: ridge,huber,none,rep3,,0.43318918424212854,0.45157308052071504,1.389783105846256
H1+H2: all + side interactions: ridge,huber,none,rep4,,0.4261387623537248,0.39083022445701876,1.4765675371757299
